[{"Id":2,"GroupId":1,"Group":null,"UserId":27,"User":null,"IsAdmin":false},{"Id":4,"GroupId":1,"Group":null,"UserId":7,"User":null,"IsAdmin":true},{"Id":50,"GroupId":21,"Group":null,"UserId":27,"User":null,"IsAdmin":false},{"Id":51,"GroupId":21,"Group":null,"UserId":24,"User":null,"IsAdmin":false},{"Id":52,"GroupId":21,"Group":null,"UserId":12,"User":null,"IsAdmin":true},{"Id":67,"GroupId":28,"Group":null,"UserId":27,"User":null,"IsAdmin":false},{"Id":68,"GroupId":28,"Group":null,"UserId":26,"User":null,"IsAdmin":false},{"Id":69,"GroupId":28,"Group":null,"UserId":8,"User":null,"IsAdmin":true},{"Id":83,"GroupId":34,"Group":null,"UserId":27,"User":null,"IsAdmin":false},{"Id":84,"GroupId":34,"Group":null,"UserId":8,"User":null,"IsAdmin":true},{"Id":1181,"GroupId":130,"Group":null,"UserId":27,"User":null,"IsAdmin":false},{"Id":3,"GroupId":3,"Group":null,"UserId":23,"User":null,"IsAdmin":false},{"Id":5,"GroupId":3,"Group":null,"UserId":8,"User":null,"IsAdmin":true},{"Id":12,"GroupId":5,"Group":null,"UserId":26,"User":null,"IsAdmin":false},{"Id":13,"GroupId":5,"Group":null,"UserId":25,"User":null,"IsAdmin":false},{"Id":14,"GroupId":5,"Group":null,"UserId":9,"User":null,"IsAdmin":true},{"Id":53,"GroupId":22,"Group":null,"UserId":26,"User":null,"IsAdmin":false},{"Id":54,"GroupId":22,"Group":null,"UserId":8,"User":null,"IsAdmin":true},{"Id":64,"GroupId":27,"Group":null,"UserId":27,"User":null,"IsAdmin":false},{"Id":65,"GroupId":27,"Group":null,"UserId":25,"User":null,"IsAdmin":false},{"Id":66,"GroupId":27,"Group":null,"UserId":7,"User":null,"IsAdmin":true},{"Id":20,"GroupId":9,"Group":null,"UserId":27,"User":null,"IsAdmin":false},{"Id":21,"GroupId":9,"Group":null,"UserId":9,"User":null,"IsAdmin":true},{"Id":36,"GroupId":17,"Group":null,"UserId":24,"User":null,"IsAdmin":false},{"Id":39,"GroupId":17,"Group":null,"UserId":23,"User":null,"IsAdmin":false},{"Id":40,"GroupId":17,"Group":null,"UserId":7,"User":null,"IsAdmin":true},{"Id":47,"GroupId":18,"Group":null,"UserId":27,"User":null,"IsAdmin":false},{"Id":48,"GroupId":18,"Group":null,"UserId":25,"User":null,"IsAdmin":false},{"Id":49,"GroupId":18,"Group":null,"UserId":2,"User":null,"IsAdmin":true},{"Id":75,"GroupId":31,"Group":null,"UserId":27,"User":null,"IsAdmin":false},{"Id":76,"GroupId":31,"Group":null,"UserId":26,"User":null,"IsAdmin":false},{"Id":77,"GroupId":31,"Group":null,"UserId":9,"User":null,"IsAdmin":true},{"Id":24,"GroupId":10,"Group":null,"UserId":26,"User":null,"IsAdmin":false},{"Id":25,"GroupId":10,"Group":null,"UserId":25,"User":null,"IsAdmin":false},{"Id":26,"GroupId":10,"Group":null,"UserId":12,"User":null,"IsAdmin":true},{"Id":31,"GroupId":14,"Group":null,"UserId":24,"User":null,"IsAdmin":false},{"Id":32,"GroupId":14,"Group":null,"UserId":8,"User":null,"IsAdmin":true},{"Id":81,"GroupId":32,"Group":null,"UserId":27,"User":null,"IsAdmin":false},{"Id":82,"GroupId":32,"Group":null,"UserId":9,"User":null,"IsAdmin":true},{"Id":29,"GroupId":13,"Group":null,"UserId":27,"User":null,"IsAdmin":false},{"Id":30,"GroupId":13,"Group":null,"UserId":9,"User":null,"IsAdmin":true},{"Id":33,"GroupId":15,"Group":null,"UserId":26,"User":null,"IsAdmin":false},{"Id":34,"GroupId":15,"Group":null,"UserId":25,"User":null,"IsAdmin":false},{"Id":35,"GroupId":15,"Group":null,"UserId":7,"User":null,"IsAdmin":true},{"Id":62,"GroupId":26,"Group":null,"UserId":27,"User":null,"IsAdmin":false},{"Id":63,"GroupId":26,"Group":null,"UserId":7,"User":null,"IsAdmin":true},{"Id":44,"GroupId":19,"Group":null,"UserId":26,"User":null,"IsAdmin":false},{"Id":45,"GroupId":19,"Group":null,"UserId":25,"User":null,"IsAdmin":false},{"Id":46,"GroupId":19,"Group":null,"UserId":12,"User":null,"IsAdmin":true},{"Id":60,"GroupId":25,"Group":null,"UserId":27,"User":null,"IsAdmin":false},{"Id":61,"GroupId":25,"Group":null,"UserId":9,"User":null,"IsAdmin":true},{"Id":85,"GroupId":35,"Group":null,"UserId":27,"User":null,"IsAdmin":false},{"Id":86,"GroupId":35,"Group":null,"UserId":2,"User":null,"IsAdmin":true},{"Id":78,"GroupId":33,"Group":null,"UserId":26,"User":null,"IsAdmin":false},{"Id":79,"GroupId":33,"Group":null,"UserId":24,"User":null,"IsAdmin":false},{"Id":80,"GroupId":33,"Group":null,"UserId":8,"User":null,"IsAdmin":true},{"Id":183,"GroupId":43,"Group":null,"UserId":15,"User":null,"IsAdmin":false},{"Id":807,"GroupId":100,"Group":null,"UserId":25,"User":null,"IsAdmin":false},{"Id":808,"GroupId":100,"Group":null,"UserId":16,"User":null,"IsAdmin":false},{"Id":809,"GroupId":100,"Group":null,"UserId":18,"User":null,"IsAdmin":false},{"Id":810,"GroupId":100,"Group":null,"UserId":15,"User":null,"IsAdmin":false},{"Id":811,"GroupId":100,"Group":null,"UserId":19,"User":null,"IsAdmin":false},{"Id":812,"GroupId":100,"Group":null,"UserId":10,"User":null,"IsAdmin":false},{"Id":813,"GroupId":100,"Group":null,"UserId":21,"User":null,"IsAdmin":false},{"Id":814,"GroupId":100,"Group":null,"UserId":23,"User":null,"IsAdmin":false},{"Id":815,"GroupId":100,"Group":null,"UserId":20,"User":null,"IsAdmin":false},{"Id":816,"GroupId":101,"Group":null,"UserId":8,"User":null,"IsAdmin":true},{"Id":817,"GroupId":101,"Group":null,"UserId":17,"User":null,"IsAdmin":false},{"Id":818,"GroupId":102,"Group":null,"UserId":2,"User":null,"IsAdmin":true},{"Id":819,"GroupId":102,"Group":null,"UserId":7,"User":null,"IsAdmin":true},{"Id":820,"GroupId":102,"Group":null,"UserId":9,"User":null,"IsAdmin":true},{"Id":806,"GroupId":100,"Group":null,"UserId":11,"User":null,"IsAdmin":false},{"Id":821,"GroupId":102,"Group":null,"UserId":18,"User":null,"IsAdmin":false},{"Id":823,"GroupId":102,"Group":null,"UserId":10,"User":null,"IsAdmin":false},{"Id":824,"GroupId":102,"Group":null,"UserId":15,"User":null,"IsAdmin":false},{"Id":825,"GroupId":102,"Group":null,"UserId":21,"User":null,"IsAdmin":false},{"Id":826,"GroupId":102,"Group":null,"UserId":11,"User":null,"IsAdmin":false},{"Id":827,"GroupId":102,"Group":null,"UserId":20,"User":null,"IsAdmin":false},{"Id":828,"GroupId":102,"Group":null,"UserId":16,"User":null,"IsAdmin":false},{"Id":829,"GroupId":102,"Group":null,"UserId":17,"User":null,"IsAdmin":false},{"Id":830,"GroupId":102,"Group":null,"UserId":13,"User":null,"IsAdmin":false},{"Id":831,"GroupId":102,"Group":null,"UserId":22,"User":null,"IsAdmin":false},{"Id":832,"GroupId":102,"Group":null,"UserId":19,"User":null,"IsAdmin":false},{"Id":833,"GroupId":102,"Group":null,"UserId":24,"User":null,"IsAdmin":false},{"Id":834,"GroupId":102,"Group":null,"UserId":25,"User":null,"IsAdmin":false},{"Id":835,"GroupId":102,"Group":null,"UserId":26,"User":null,"IsAdmin":false},{"Id":836,"GroupId":103,"Group":null,"UserId":9,"User":null,"IsAdmin":true},{"Id":822,"GroupId":102,"Group":null,"UserId":14,"User":null,"IsAdmin":false},{"Id":837,"GroupId":103,"Group":null,"UserId":2,"User":null,"IsAdmin":true},{"Id":805,"GroupId":100,"Group":null,"UserId":24,"User":null,"IsAdmin":false},{"Id":803,"GroupId":100,"Group":null,"UserId":17,"User":null,"IsAdmin":false},{"Id":773,"GroupId":97,"Group":null,"UserId":24,"User":null,"IsAdmin":false},{"Id":774,"GroupId":97,"Group":null,"UserId":26,"User":null,"IsAdmin":false},{"Id":775,"GroupId":97,"Group":null,"UserId":27,"User":null,"IsAdmin":false},{"Id":776,"GroupId":97,"Group":null,"UserId":22,"User":null,"IsAdmin":false},{"Id":777,"GroupId":97,"Group":null,"UserId":17,"User":null,"IsAdmin":false},{"Id":778,"GroupId":97,"Group":null,"UserId":23,"User":null,"IsAdmin":false},{"Id":779,"GroupId":97,"Group":null,"UserId":18,"User":null,"IsAdmin":false},{"Id":780,"GroupId":97,"Group":null,"UserId":11,"User":null,"IsAdmin":false},{"Id":781,"GroupId":97,"Group":null,"UserId":13,"User":null,"IsAdmin":false},{"Id":782,"GroupId":98,"Group":null,"UserId":9,"User":null,"IsAdmin":true},{"Id":783,"GroupId":98,"Group":null,"UserId":16,"User":null,"IsAdmin":false},{"Id":784,"GroupId":98,"Group":null,"UserId":19,"User":null,"IsAdmin":false},{"Id":785,"GroupId":98,"Group":null,"UserId":15,"User":null,"IsAdmin":false},{"Id":786,"GroupId":99,"Group":null,"UserId":12,"User":null,"IsAdmin":true},{"Id":804,"GroupId":100,"Group":null,"UserId":13,"User":null,"IsAdmin":false},{"Id":787,"GroupId":99,"Group":null,"UserId":9,"User":null,"IsAdmin":true},{"Id":789,"GroupId":99,"Group":null,"UserId":2,"User":null,"IsAdmin":true},{"Id":790,"GroupId":99,"Group":null,"UserId":26,"User":null,"IsAdmin":false},{"Id":791,"GroupId":99,"Group":null,"UserId":21,"User":null,"IsAdmin":false},{"Id":792,"GroupId":99,"Group":null,"UserId":17,"User":null,"IsAdmin":false},{"Id":793,"GroupId":99,"Group":null,"UserId":23,"User":null,"IsAdmin":false},{"Id":794,"GroupId":99,"Group":null,"UserId":13,"User":null,"IsAdmin":false},{"Id":795,"GroupId":99,"Group":null,"UserId":25,"User":null,"IsAdmin":false},{"Id":796,"GroupId":99,"Group":null,"UserId":19,"User":null,"IsAdmin":false},{"Id":797,"GroupId":99,"Group":null,"UserId":14,"User":null,"IsAdmin":false},{"Id":798,"GroupId":99,"Group":null,"UserId":15,"User":null,"IsAdmin":false},{"Id":799,"GroupId":99,"Group":null,"UserId":20,"User":null,"IsAdmin":false},{"Id":800,"GroupId":100,"Group":null,"UserId":9,"User":null,"IsAdmin":true},{"Id":801,"GroupId":100,"Group":null,"UserId":14,"User":null,"IsAdmin":false},{"Id":802,"GroupId":100,"Group":null,"UserId":22,"User":null,"IsAdmin":false},{"Id":788,"GroupId":99,"Group":null,"UserId":7,"User":null,"IsAdmin":true},{"Id":772,"GroupId":97,"Group":null,"UserId":20,"User":null,"IsAdmin":false},{"Id":838,"GroupId":103,"Group":null,"UserId":7,"User":null,"IsAdmin":true},{"Id":840,"GroupId":103,"Group":null,"UserId":19,"User":null,"IsAdmin":false},{"Id":875,"GroupId":105,"Group":null,"UserId":24,"User":null,"IsAdmin":false},{"Id":876,"GroupId":105,"Group":null,"UserId":10,"User":null,"IsAdmin":false},{"Id":877,"GroupId":106,"Group":null,"UserId":2,"User":null,"IsAdmin":true},{"Id":878,"GroupId":106,"Group":null,"UserId":11,"User":null,"IsAdmin":false},{"Id":879,"GroupId":106,"Group":null,"UserId":24,"User":null,"IsAdmin":false},{"Id":880,"GroupId":107,"Group":null,"UserId":7,"User":null,"IsAdmin":true},{"Id":881,"GroupId":107,"Group":null,"UserId":9,"User":null,"IsAdmin":true},{"Id":882,"GroupId":107,"Group":null,"UserId":2,"User":null,"IsAdmin":true},{"Id":883,"GroupId":107,"Group":null,"UserId":25,"User":null,"IsAdmin":false},{"Id":884,"GroupId":107,"Group":null,"UserId":14,"User":null,"IsAdmin":false},{"Id":885,"GroupId":107,"Group":null,"UserId":24,"User":null,"IsAdmin":false},{"Id":886,"GroupId":107,"Group":null,"UserId":26,"User":null,"IsAdmin":false},{"Id":887,"GroupId":107,"Group":null,"UserId":27,"User":null,"IsAdmin":false},{"Id":888,"GroupId":107,"Group":null,"UserId":23,"User":null,"IsAdmin":false},{"Id":874,"GroupId":105,"Group":null,"UserId":13,"User":null,"IsAdmin":false},{"Id":889,"GroupId":107,"Group":null,"UserId":15,"User":null,"IsAdmin":false},{"Id":891,"GroupId":107,"Group":null,"UserId":13,"User":null,"IsAdmin":false},{"Id":892,"GroupId":108,"Group":null,"UserId":7,"User":null,"IsAdmin":true},{"Id":893,"GroupId":108,"Group":null,"UserId":12,"User":null,"IsAdmin":true},{"Id":894,"GroupId":108,"Group":null,"UserId":9,"User":null,"IsAdmin":true},{"Id":895,"GroupId":108,"Group":null,"UserId":2,"User":null,"IsAdmin":true},{"Id":896,"GroupId":108,"Group":null,"UserId":23,"User":null,"IsAdmin":false},{"Id":897,"GroupId":108,"Group":null,"UserId":13,"User":null,"IsAdmin":false},{"Id":898,"GroupId":108,"Group":null,"UserId":24,"User":null,"IsAdmin":false},{"Id":899,"GroupId":108,"Group":null,"UserId":20,"User":null,"IsAdmin":false},{"Id":900,"GroupId":108,"Group":null,"UserId":21,"User":null,"IsAdmin":false},{"Id":901,"GroupId":108,"Group":null,"UserId":26,"User":null,"IsAdmin":false},{"Id":902,"GroupId":108,"Group":null,"UserId":18,"User":null,"IsAdmin":false},{"Id":903,"GroupId":108,"Group":null,"UserId":16,"User":null,"IsAdmin":false},{"Id":904,"GroupId":108,"Group":null,"UserId":11,"User":null,"IsAdmin":false},{"Id":890,"GroupId":107,"Group":null,"UserId":16,"User":null,"IsAdmin":false},{"Id":839,"GroupId":103,"Group":null,"UserId":11,"User":null,"IsAdmin":false},{"Id":873,"GroupId":105,"Group":null,"UserId":16,"User":null,"IsAdmin":false},{"Id":871,"GroupId":105,"Group":null,"UserId":21,"User":null,"IsAdmin":false},{"Id":841,"GroupId":103,"Group":null,"UserId":25,"User":null,"IsAdmin":false},{"Id":842,"GroupId":103,"Group":null,"UserId":17,"User":null,"IsAdmin":false},{"Id":843,"GroupId":103,"Group":null,"UserId":26,"User":null,"IsAdmin":false},{"Id":844,"GroupId":103,"Group":null,"UserId":14,"User":null,"IsAdmin":false},{"Id":845,"GroupId":103,"Group":null,"UserId":15,"User":null,"IsAdmin":false},{"Id":846,"GroupId":103,"Group":null,"UserId":16,"User":null,"IsAdmin":false},{"Id":847,"GroupId":103,"Group":null,"UserId":13,"User":null,"IsAdmin":false},{"Id":848,"GroupId":103,"Group":null,"UserId":18,"User":null,"IsAdmin":false},{"Id":849,"GroupId":104,"Group":null,"UserId":12,"User":null,"IsAdmin":true},{"Id":850,"GroupId":104,"Group":null,"UserId":8,"User":null,"IsAdmin":true},{"Id":851,"GroupId":104,"Group":null,"UserId":19,"User":null,"IsAdmin":false},{"Id":852,"GroupId":104,"Group":null,"UserId":13,"User":null,"IsAdmin":false},{"Id":853,"GroupId":104,"Group":null,"UserId":25,"User":null,"IsAdmin":false},{"Id":854,"GroupId":104,"Group":null,"UserId":15,"User":null,"IsAdmin":false},{"Id":872,"GroupId":105,"Group":null,"UserId":14,"User":null,"IsAdmin":false},{"Id":855,"GroupId":104,"Group":null,"UserId":23,"User":null,"IsAdmin":false},{"Id":857,"GroupId":105,"Group":null,"UserId":8,"User":null,"IsAdmin":true},{"Id":858,"GroupId":105,"Group":null,"UserId":7,"User":null,"IsAdmin":true},{"Id":859,"GroupId":105,"Group":null,"UserId":9,"User":null,"IsAdmin":true},{"Id":860,"GroupId":105,"Group":null,"UserId":2,"User":null,"IsAdmin":true},{"Id":861,"GroupId":105,"Group":null,"UserId":22,"User":null,"IsAdmin":false},{"Id":862,"GroupId":105,"Group":null,"UserId":23,"User":null,"IsAdmin":false},{"Id":863,"GroupId":105,"Group":null,"UserId":11,"User":null,"IsAdmin":false},{"Id":864,"GroupId":105,"Group":null,"UserId":15,"User":null,"IsAdmin":false},{"Id":865,"GroupId":105,"Group":null,"UserId":20,"User":null,"IsAdmin":false},{"Id":866,"GroupId":105,"Group":null,"UserId":27,"User":null,"IsAdmin":false},{"Id":867,"GroupId":105,"Group":null,"UserId":17,"User":null,"IsAdmin":false},{"Id":868,"GroupId":105,"Group":null,"UserId":25,"User":null,"IsAdmin":false},{"Id":869,"GroupId":105,"Group":null,"UserId":18,"User":null,"IsAdmin":false},{"Id":870,"GroupId":105,"Group":null,"UserId":19,"User":null,"IsAdmin":false},{"Id":856,"GroupId":104,"Group":null,"UserId":20,"User":null,"IsAdmin":false},{"Id":771,"GroupId":97,"Group":null,"UserId":14,"User":null,"IsAdmin":false},{"Id":770,"GroupId":97,"Group":null,"UserId":16,"User":null,"IsAdmin":false},{"Id":769,"GroupId":97,"Group":null,"UserId":21,"User":null,"IsAdmin":false},{"Id":670,"GroupId":89,"Group":null,"UserId":18,"User":null,"IsAdmin":false},{"Id":671,"GroupId":89,"Group":null,"UserId":17,"User":null,"IsAdmin":false},{"Id":672,"GroupId":90,"Group":null,"UserId":7,"User":null,"IsAdmin":true},{"Id":673,"GroupId":90,"Group":null,"UserId":2,"User":null,"IsAdmin":true},{"Id":674,"GroupId":90,"Group":null,"UserId":9,"User":null,"IsAdmin":true},{"Id":675,"GroupId":90,"Group":null,"UserId":8,"User":null,"IsAdmin":true},{"Id":676,"GroupId":90,"Group":null,"UserId":22,"User":null,"IsAdmin":false},{"Id":677,"GroupId":90,"Group":null,"UserId":11,"User":null,"IsAdmin":false},{"Id":678,"GroupId":90,"Group":null,"UserId":19,"User":null,"IsAdmin":false},{"Id":679,"GroupId":90,"Group":null,"UserId":27,"User":null,"IsAdmin":false},{"Id":680,"GroupId":90,"Group":null,"UserId":24,"User":null,"IsAdmin":false},{"Id":681,"GroupId":90,"Group":null,"UserId":14,"User":null,"IsAdmin":false},{"Id":682,"GroupId":90,"Group":null,"UserId":16,"User":null,"IsAdmin":false},{"Id":683,"GroupId":90,"Group":null,"UserId":23,"User":null,"IsAdmin":false},{"Id":669,"GroupId":89,"Group":null,"UserId":9,"User":null,"IsAdmin":true},{"Id":684,"GroupId":90,"Group":null,"UserId":13,"User":null,"IsAdmin":false},{"Id":686,"GroupId":90,"Group":null,"UserId":17,"User":null,"IsAdmin":false},{"Id":687,"GroupId":91,"Group":null,"UserId":2,"User":null,"IsAdmin":true},{"Id":688,"GroupId":91,"Group":null,"UserId":14,"User":null,"IsAdmin":false},{"Id":689,"GroupId":91,"Group":null,"UserId":22,"User":null,"IsAdmin":false},{"Id":690,"GroupId":91,"Group":null,"UserId":27,"User":null,"IsAdmin":false},{"Id":691,"GroupId":91,"Group":null,"UserId":16,"User":null,"IsAdmin":false},{"Id":692,"GroupId":91,"Group":null,"UserId":25,"User":null,"IsAdmin":false},{"Id":693,"GroupId":91,"Group":null,"UserId":15,"User":null,"IsAdmin":false},{"Id":694,"GroupId":91,"Group":null,"UserId":23,"User":null,"IsAdmin":false},{"Id":695,"GroupId":91,"Group":null,"UserId":24,"User":null,"IsAdmin":false},{"Id":696,"GroupId":91,"Group":null,"UserId":18,"User":null,"IsAdmin":false},{"Id":697,"GroupId":91,"Group":null,"UserId":17,"User":null,"IsAdmin":false},{"Id":698,"GroupId":91,"Group":null,"UserId":19,"User":null,"IsAdmin":false},{"Id":699,"GroupId":91,"Group":null,"UserId":10,"User":null,"IsAdmin":false},{"Id":685,"GroupId":90,"Group":null,"UserId":26,"User":null,"IsAdmin":false},{"Id":700,"GroupId":91,"Group":null,"UserId":20,"User":null,"IsAdmin":false},{"Id":668,"GroupId":88,"Group":null,"UserId":16,"User":null,"IsAdmin":false},{"Id":666,"GroupId":88,"Group":null,"UserId":26,"User":null,"IsAdmin":false},{"Id":636,"GroupId":85,"Group":null,"UserId":13,"User":null,"IsAdmin":false},{"Id":637,"GroupId":85,"Group":null,"UserId":21,"User":null,"IsAdmin":false},{"Id":638,"GroupId":86,"Group":null,"UserId":8,"User":null,"IsAdmin":true},{"Id":639,"GroupId":86,"Group":null,"UserId":7,"User":null,"IsAdmin":true},{"Id":640,"GroupId":86,"Group":null,"UserId":14,"User":null,"IsAdmin":false},{"Id":641,"GroupId":86,"Group":null,"UserId":15,"User":null,"IsAdmin":false},{"Id":642,"GroupId":86,"Group":null,"UserId":18,"User":null,"IsAdmin":false},{"Id":643,"GroupId":86,"Group":null,"UserId":24,"User":null,"IsAdmin":false},{"Id":644,"GroupId":86,"Group":null,"UserId":16,"User":null,"IsAdmin":false},{"Id":645,"GroupId":86,"Group":null,"UserId":27,"User":null,"IsAdmin":false},{"Id":646,"GroupId":86,"Group":null,"UserId":26,"User":null,"IsAdmin":false},{"Id":647,"GroupId":86,"Group":null,"UserId":17,"User":null,"IsAdmin":false},{"Id":648,"GroupId":87,"Group":null,"UserId":7,"User":null,"IsAdmin":true},{"Id":649,"GroupId":87,"Group":null,"UserId":12,"User":null,"IsAdmin":true},{"Id":667,"GroupId":88,"Group":null,"UserId":18,"User":null,"IsAdmin":false},{"Id":650,"GroupId":87,"Group":null,"UserId":8,"User":null,"IsAdmin":true},{"Id":652,"GroupId":87,"Group":null,"UserId":23,"User":null,"IsAdmin":false},{"Id":653,"GroupId":88,"Group":null,"UserId":8,"User":null,"IsAdmin":true},{"Id":654,"GroupId":88,"Group":null,"UserId":2,"User":null,"IsAdmin":true},{"Id":655,"GroupId":88,"Group":null,"UserId":7,"User":null,"IsAdmin":true},{"Id":656,"GroupId":88,"Group":null,"UserId":11,"User":null,"IsAdmin":false},{"Id":657,"GroupId":88,"Group":null,"UserId":20,"User":null,"IsAdmin":false},{"Id":658,"GroupId":88,"Group":null,"UserId":14,"User":null,"IsAdmin":false},{"Id":659,"GroupId":88,"Group":null,"UserId":22,"User":null,"IsAdmin":false},{"Id":660,"GroupId":88,"Group":null,"UserId":19,"User":null,"IsAdmin":false},{"Id":661,"GroupId":88,"Group":null,"UserId":21,"User":null,"IsAdmin":false},{"Id":662,"GroupId":88,"Group":null,"UserId":15,"User":null,"IsAdmin":false},{"Id":663,"GroupId":88,"Group":null,"UserId":17,"User":null,"IsAdmin":false},{"Id":664,"GroupId":88,"Group":null,"UserId":23,"User":null,"IsAdmin":false},{"Id":665,"GroupId":88,"Group":null,"UserId":13,"User":null,"IsAdmin":false},{"Id":651,"GroupId":87,"Group":null,"UserId":13,"User":null,"IsAdmin":false},{"Id":701,"GroupId":91,"Group":null,"UserId":21,"User":null,"IsAdmin":false},{"Id":702,"GroupId":91,"Group":null,"UserId":26,"User":null,"IsAdmin":false},{"Id":703,"GroupId":92,"Group":null,"UserId":7,"User":null,"IsAdmin":true},{"Id":739,"GroupId":94,"Group":null,"UserId":16,"User":null,"IsAdmin":false},{"Id":740,"GroupId":94,"Group":null,"UserId":25,"User":null,"IsAdmin":false},{"Id":741,"GroupId":94,"Group":null,"UserId":20,"User":null,"IsAdmin":false},{"Id":742,"GroupId":95,"Group":null,"UserId":8,"User":null,"IsAdmin":true},{"Id":743,"GroupId":95,"Group":null,"UserId":9,"User":null,"IsAdmin":true},{"Id":744,"GroupId":95,"Group":null,"UserId":15,"User":null,"IsAdmin":false},{"Id":745,"GroupId":95,"Group":null,"UserId":17,"User":null,"IsAdmin":false},{"Id":746,"GroupId":95,"Group":null,"UserId":24,"User":null,"IsAdmin":false},{"Id":747,"GroupId":95,"Group":null,"UserId":26,"User":null,"IsAdmin":false},{"Id":748,"GroupId":95,"Group":null,"UserId":23,"User":null,"IsAdmin":false},{"Id":749,"GroupId":95,"Group":null,"UserId":19,"User":null,"IsAdmin":false},{"Id":750,"GroupId":95,"Group":null,"UserId":20,"User":null,"IsAdmin":false},{"Id":751,"GroupId":96,"Group":null,"UserId":7,"User":null,"IsAdmin":true},{"Id":752,"GroupId":96,"Group":null,"UserId":12,"User":null,"IsAdmin":true},{"Id":738,"GroupId":94,"Group":null,"UserId":24,"User":null,"IsAdmin":false},{"Id":753,"GroupId":96,"Group":null,"UserId":2,"User":null,"IsAdmin":true},{"Id":755,"GroupId":96,"Group":null,"UserId":10,"User":null,"IsAdmin":false},{"Id":756,"GroupId":96,"Group":null,"UserId":13,"User":null,"IsAdmin":false},{"Id":757,"GroupId":96,"Group":null,"UserId":19,"User":null,"IsAdmin":false},{"Id":758,"GroupId":96,"Group":null,"UserId":23,"User":null,"IsAdmin":false},{"Id":759,"GroupId":96,"Group":null,"UserId":11,"User":null,"IsAdmin":false},{"Id":760,"GroupId":96,"Group":null,"UserId":26,"User":null,"IsAdmin":false},{"Id":761,"GroupId":96,"Group":null,"UserId":27,"User":null,"IsAdmin":false},{"Id":762,"GroupId":96,"Group":null,"UserId":14,"User":null,"IsAdmin":false},{"Id":763,"GroupId":96,"Group":null,"UserId":17,"User":null,"IsAdmin":false},{"Id":764,"GroupId":96,"Group":null,"UserId":18,"User":null,"IsAdmin":false},{"Id":765,"GroupId":96,"Group":null,"UserId":15,"User":null,"IsAdmin":false},{"Id":766,"GroupId":97,"Group":null,"UserId":9,"User":null,"IsAdmin":true},{"Id":767,"GroupId":97,"Group":null,"UserId":7,"User":null,"IsAdmin":true},{"Id":768,"GroupId":97,"Group":null,"UserId":2,"User":null,"IsAdmin":true},{"Id":754,"GroupId":96,"Group":null,"UserId":9,"User":null,"IsAdmin":true},{"Id":737,"GroupId":94,"Group":null,"UserId":21,"User":null,"IsAdmin":false},{"Id":736,"GroupId":94,"Group":null,"UserId":14,"User":null,"IsAdmin":false},{"Id":735,"GroupId":94,"Group":null,"UserId":19,"User":null,"IsAdmin":false},{"Id":704,"GroupId":92,"Group":null,"UserId":2,"User":null,"IsAdmin":true},{"Id":705,"GroupId":92,"Group":null,"UserId":20,"User":null,"IsAdmin":false},{"Id":706,"GroupId":92,"Group":null,"UserId":14,"User":null,"IsAdmin":false},{"Id":707,"GroupId":92,"Group":null,"UserId":15,"User":null,"IsAdmin":false},{"Id":708,"GroupId":92,"Group":null,"UserId":10,"User":null,"IsAdmin":false},{"Id":709,"GroupId":93,"Group":null,"UserId":12,"User":null,"IsAdmin":true},{"Id":710,"GroupId":93,"Group":null,"UserId":9,"User":null,"IsAdmin":true},{"Id":711,"GroupId":93,"Group":null,"UserId":24,"User":null,"IsAdmin":false},{"Id":712,"GroupId":93,"Group":null,"UserId":10,"User":null,"IsAdmin":false},{"Id":713,"GroupId":93,"Group":null,"UserId":20,"User":null,"IsAdmin":false},{"Id":714,"GroupId":93,"Group":null,"UserId":17,"User":null,"IsAdmin":false},{"Id":715,"GroupId":93,"Group":null,"UserId":15,"User":null,"IsAdmin":false},{"Id":716,"GroupId":93,"Group":null,"UserId":22,"User":null,"IsAdmin":false},{"Id":717,"GroupId":93,"Group":null,"UserId":21,"User":null,"IsAdmin":false},{"Id":718,"GroupId":93,"Group":null,"UserId":27,"User":null,"IsAdmin":false},{"Id":719,"GroupId":93,"Group":null,"UserId":13,"User":null,"IsAdmin":false},{"Id":720,"GroupId":93,"Group":null,"UserId":11,"User":null,"IsAdmin":false},{"Id":734,"GroupId":94,"Group":null,"UserId":27,"User":null,"IsAdmin":false},{"Id":733,"GroupId":94,"Group":null,"UserId":13,"User":null,"IsAdmin":false},{"Id":732,"GroupId":94,"Group":null,"UserId":10,"User":null,"IsAdmin":false},{"Id":731,"GroupId":94,"Group":null,"UserId":11,"User":null,"IsAdmin":false},{"Id":730,"GroupId":94,"Group":null,"UserId":17,"User":null,"IsAdmin":false},{"Id":729,"GroupId":94,"Group":null,"UserId":15,"User":null,"IsAdmin":false},{"Id":905,"GroupId":109,"Group":null,"UserId":7,"User":null,"IsAdmin":true},{"Id":728,"GroupId":94,"Group":null,"UserId":22,"User":null,"IsAdmin":false},{"Id":726,"GroupId":94,"Group":null,"UserId":18,"User":null,"IsAdmin":false},{"Id":725,"GroupId":94,"Group":null,"UserId":2,"User":null,"IsAdmin":true},{"Id":724,"GroupId":93,"Group":null,"UserId":26,"User":null,"IsAdmin":false},{"Id":723,"GroupId":93,"Group":null,"UserId":25,"User":null,"IsAdmin":false},{"Id":722,"GroupId":93,"Group":null,"UserId":18,"User":null,"IsAdmin":false},{"Id":721,"GroupId":93,"Group":null,"UserId":23,"User":null,"IsAdmin":false},{"Id":727,"GroupId":94,"Group":null,"UserId":26,"User":null,"IsAdmin":false},{"Id":906,"GroupId":109,"Group":null,"UserId":20,"User":null,"IsAdmin":false},{"Id":907,"GroupId":109,"Group":null,"UserId":27,"User":null,"IsAdmin":false},{"Id":908,"GroupId":109,"Group":null,"UserId":16,"User":null,"IsAdmin":false},{"Id":1080,"GroupId":123,"Group":null,"UserId":24,"User":null,"IsAdmin":false},{"Id":1081,"GroupId":123,"Group":null,"UserId":21,"User":null,"IsAdmin":false},{"Id":1082,"GroupId":123,"Group":null,"UserId":22,"User":null,"IsAdmin":false},{"Id":1083,"GroupId":123,"Group":null,"UserId":15,"User":null,"IsAdmin":false},{"Id":1084,"GroupId":124,"Group":null,"UserId":8,"User":null,"IsAdmin":true},{"Id":1085,"GroupId":124,"Group":null,"UserId":13,"User":null,"IsAdmin":false},{"Id":1086,"GroupId":124,"Group":null,"UserId":24,"User":null,"IsAdmin":false},{"Id":1087,"GroupId":124,"Group":null,"UserId":21,"User":null,"IsAdmin":false},{"Id":1088,"GroupId":124,"Group":null,"UserId":25,"User":null,"IsAdmin":false},{"Id":1089,"GroupId":124,"Group":null,"UserId":26,"User":null,"IsAdmin":false},{"Id":1090,"GroupId":124,"Group":null,"UserId":11,"User":null,"IsAdmin":false},{"Id":1091,"GroupId":124,"Group":null,"UserId":18,"User":null,"IsAdmin":false},{"Id":1092,"GroupId":124,"Group":null,"UserId":17,"User":null,"IsAdmin":false},{"Id":1093,"GroupId":124,"Group":null,"UserId":23,"User":null,"IsAdmin":false},{"Id":1079,"GroupId":123,"Group":null,"UserId":13,"User":null,"IsAdmin":false},{"Id":1094,"GroupId":124,"Group":null,"UserId":20,"User":null,"IsAdmin":false},{"Id":1096,"GroupId":124,"Group":null,"UserId":16,"User":null,"IsAdmin":false},{"Id":1097,"GroupId":125,"Group":null,"UserId":12,"User":null,"IsAdmin":true},{"Id":1098,"GroupId":125,"Group":null,"UserId":18,"User":null,"IsAdmin":false},{"Id":1099,"GroupId":126,"Group":null,"UserId":7,"User":null,"IsAdmin":true},{"Id":1100,"GroupId":126,"Group":null,"UserId":12,"User":null,"IsAdmin":true},{"Id":1101,"GroupId":126,"Group":null,"UserId":13,"User":null,"IsAdmin":false},{"Id":1102,"GroupId":126,"Group":null,"UserId":17,"User":null,"IsAdmin":false},{"Id":1103,"GroupId":126,"Group":null,"UserId":24,"User":null,"IsAdmin":false},{"Id":1104,"GroupId":127,"Group":null,"UserId":2,"User":null,"IsAdmin":true},{"Id":1105,"GroupId":127,"Group":null,"UserId":12,"User":null,"IsAdmin":true},{"Id":1106,"GroupId":127,"Group":null,"UserId":23,"User":null,"IsAdmin":false},{"Id":1107,"GroupId":127,"Group":null,"UserId":22,"User":null,"IsAdmin":false},{"Id":1108,"GroupId":127,"Group":null,"UserId":20,"User":null,"IsAdmin":false},{"Id":1109,"GroupId":127,"Group":null,"UserId":16,"User":null,"IsAdmin":false},{"Id":1095,"GroupId":124,"Group":null,"UserId":19,"User":null,"IsAdmin":false},{"Id":1110,"GroupId":127,"Group":null,"UserId":17,"User":null,"IsAdmin":false},{"Id":1078,"GroupId":123,"Group":null,"UserId":16,"User":null,"IsAdmin":false},{"Id":1076,"GroupId":123,"Group":null,"UserId":18,"User":null,"IsAdmin":false},{"Id":1046,"GroupId":121,"Group":null,"UserId":26,"User":null,"IsAdmin":false},{"Id":1047,"GroupId":121,"Group":null,"UserId":21,"User":null,"IsAdmin":false},{"Id":1048,"GroupId":121,"Group":null,"UserId":24,"User":null,"IsAdmin":false},{"Id":1049,"GroupId":121,"Group":null,"UserId":27,"User":null,"IsAdmin":false},{"Id":1050,"GroupId":121,"Group":null,"UserId":25,"User":null,"IsAdmin":false},{"Id":1051,"GroupId":121,"Group":null,"UserId":14,"User":null,"IsAdmin":false},{"Id":1052,"GroupId":121,"Group":null,"UserId":19,"User":null,"IsAdmin":false},{"Id":1053,"GroupId":121,"Group":null,"UserId":16,"User":null,"IsAdmin":false},{"Id":1054,"GroupId":121,"Group":null,"UserId":15,"User":null,"IsAdmin":false},{"Id":1055,"GroupId":121,"Group":null,"UserId":18,"User":null,"IsAdmin":false},{"Id":1056,"GroupId":121,"Group":null,"UserId":10,"User":null,"IsAdmin":false},{"Id":1057,"GroupId":122,"Group":null,"UserId":7,"User":null,"IsAdmin":true},{"Id":1058,"GroupId":122,"Group":null,"UserId":2,"User":null,"IsAdmin":true},{"Id":1059,"GroupId":122,"Group":null,"UserId":12,"User":null,"IsAdmin":true},{"Id":1077,"GroupId":123,"Group":null,"UserId":19,"User":null,"IsAdmin":false},{"Id":1060,"GroupId":122,"Group":null,"UserId":9,"User":null,"IsAdmin":true},{"Id":1062,"GroupId":122,"Group":null,"UserId":10,"User":null,"IsAdmin":false},{"Id":1063,"GroupId":122,"Group":null,"UserId":14,"User":null,"IsAdmin":false},{"Id":1064,"GroupId":122,"Group":null,"UserId":24,"User":null,"IsAdmin":false},{"Id":1065,"GroupId":122,"Group":null,"UserId":11,"User":null,"IsAdmin":false},{"Id":1066,"GroupId":122,"Group":null,"UserId":23,"User":null,"IsAdmin":false},{"Id":1067,"GroupId":122,"Group":null,"UserId":17,"User":null,"IsAdmin":false},{"Id":1068,"GroupId":122,"Group":null,"UserId":22,"User":null,"IsAdmin":false},{"Id":1069,"GroupId":122,"Group":null,"UserId":27,"User":null,"IsAdmin":false},{"Id":1070,"GroupId":122,"Group":null,"UserId":20,"User":null,"IsAdmin":false},{"Id":1071,"GroupId":123,"Group":null,"UserId":7,"User":null,"IsAdmin":true},{"Id":1072,"GroupId":123,"Group":null,"UserId":12,"User":null,"IsAdmin":true},{"Id":1073,"GroupId":123,"Group":null,"UserId":8,"User":null,"IsAdmin":true},{"Id":1074,"GroupId":123,"Group":null,"UserId":9,"User":null,"IsAdmin":true},{"Id":1075,"GroupId":123,"Group":null,"UserId":11,"User":null,"IsAdmin":false},{"Id":1061,"GroupId":122,"Group":null,"UserId":18,"User":null,"IsAdmin":false},{"Id":1111,"GroupId":127,"Group":null,"UserId":18,"User":null,"IsAdmin":false},{"Id":1112,"GroupId":127,"Group":null,"UserId":19,"User":null,"IsAdmin":false},{"Id":1113,"GroupId":127,"Group":null,"UserId":11,"User":null,"IsAdmin":false},{"Id":1149,"GroupId":130,"Group":null,"UserId":19,"User":null,"IsAdmin":false},{"Id":1150,"GroupId":130,"Group":null,"UserId":20,"User":null,"IsAdmin":false},{"Id":1151,"GroupId":130,"Group":null,"UserId":22,"User":null,"IsAdmin":false},{"Id":1152,"GroupId":130,"Group":null,"UserId":13,"User":null,"IsAdmin":false},{"Id":1153,"GroupId":130,"Group":null,"UserId":21,"User":null,"IsAdmin":false},{"Id":1154,"GroupId":130,"Group":null,"UserId":11,"User":null,"IsAdmin":false},{"Id":1156,"GroupId":131,"Group":null,"UserId":8,"User":null,"IsAdmin":true},{"Id":1157,"GroupId":131,"Group":null,"UserId":12,"User":null,"IsAdmin":true},{"Id":1158,"GroupId":131,"Group":null,"UserId":2,"User":null,"IsAdmin":true},{"Id":1159,"GroupId":131,"Group":null,"UserId":7,"User":null,"IsAdmin":true},{"Id":1160,"GroupId":131,"Group":null,"UserId":13,"User":null,"IsAdmin":false},{"Id":1161,"GroupId":131,"Group":null,"UserId":11,"User":null,"IsAdmin":false},{"Id":1162,"GroupId":131,"Group":null,"UserId":26,"User":null,"IsAdmin":false},{"Id":1148,"GroupId":130,"Group":null,"UserId":16,"User":null,"IsAdmin":false},{"Id":1163,"GroupId":131,"Group":null,"UserId":24,"User":null,"IsAdmin":false},{"Id":1165,"GroupId":131,"Group":null,"UserId":16,"User":null,"IsAdmin":false},{"Id":1166,"GroupId":131,"Group":null,"UserId":15,"User":null,"IsAdmin":false},{"Id":1167,"GroupId":132,"Group":null,"UserId":8,"User":null,"IsAdmin":true},{"Id":1168,"GroupId":132,"Group":null,"UserId":7,"User":null,"IsAdmin":true},{"Id":1169,"GroupId":132,"Group":null,"UserId":2,"User":null,"IsAdmin":true},{"Id":1170,"GroupId":132,"Group":null,"UserId":24,"User":null,"IsAdmin":false},{"Id":1171,"GroupId":132,"Group":null,"UserId":22,"User":null,"IsAdmin":false},{"Id":1172,"GroupId":132,"Group":null,"UserId":11,"User":null,"IsAdmin":false},{"Id":1173,"GroupId":132,"Group":null,"UserId":10,"User":null,"IsAdmin":false},{"Id":1174,"GroupId":132,"Group":null,"UserId":21,"User":null,"IsAdmin":false},{"Id":1175,"GroupId":132,"Group":null,"UserId":20,"User":null,"IsAdmin":false},{"Id":1176,"GroupId":132,"Group":null,"UserId":17,"User":null,"IsAdmin":false},{"Id":1177,"GroupId":132,"Group":null,"UserId":23,"User":null,"IsAdmin":false},{"Id":1178,"GroupId":132,"Group":null,"UserId":16,"User":null,"IsAdmin":false},{"Id":1164,"GroupId":131,"Group":null,"UserId":21,"User":null,"IsAdmin":false},{"Id":1147,"GroupId":130,"Group":null,"UserId":24,"User":null,"IsAdmin":false},{"Id":1146,"GroupId":130,"Group":null,"UserId":12,"User":null,"IsAdmin":true},{"Id":1145,"GroupId":130,"Group":null,"UserId":9,"User":null,"IsAdmin":true},{"Id":1114,"GroupId":127,"Group":null,"UserId":25,"User":null,"IsAdmin":false},{"Id":1115,"GroupId":127,"Group":null,"UserId":21,"User":null,"IsAdmin":false},{"Id":1116,"GroupId":127,"Group":null,"UserId":15,"User":null,"IsAdmin":false},{"Id":1117,"GroupId":127,"Group":null,"UserId":27,"User":null,"IsAdmin":false},{"Id":1118,"GroupId":127,"Group":null,"UserId":24,"User":null,"IsAdmin":false},{"Id":1119,"GroupId":128,"Group":null,"UserId":8,"User":null,"IsAdmin":true},{"Id":1120,"GroupId":128,"Group":null,"UserId":2,"User":null,"IsAdmin":true},{"Id":1121,"GroupId":128,"Group":null,"UserId":7,"User":null,"IsAdmin":true},{"Id":1122,"GroupId":128,"Group":null,"UserId":20,"User":null,"IsAdmin":false},{"Id":1123,"GroupId":128,"Group":null,"UserId":18,"User":null,"IsAdmin":false},{"Id":1124,"GroupId":128,"Group":null,"UserId":27,"User":null,"IsAdmin":false},{"Id":1125,"GroupId":128,"Group":null,"UserId":13,"User":null,"IsAdmin":false},{"Id":1126,"GroupId":128,"Group":null,"UserId":22,"User":null,"IsAdmin":false},{"Id":1127,"GroupId":128,"Group":null,"UserId":19,"User":null,"IsAdmin":false},{"Id":1128,"GroupId":128,"Group":null,"UserId":23,"User":null,"IsAdmin":false},{"Id":1129,"GroupId":128,"Group":null,"UserId":21,"User":null,"IsAdmin":false},{"Id":1130,"GroupId":128,"Group":null,"UserId":26,"User":null,"IsAdmin":false},{"Id":1144,"GroupId":129,"Group":null,"UserId":21,"User":null,"IsAdmin":false},{"Id":1143,"GroupId":129,"Group":null,"UserId":26,"User":null,"IsAdmin":false},{"Id":1142,"GroupId":129,"Group":null,"UserId":27,"User":null,"IsAdmin":false},{"Id":1141,"GroupId":129,"Group":null,"UserId":18,"User":null,"IsAdmin":false},{"Id":1140,"GroupId":129,"Group":null,"UserId":24,"User":null,"IsAdmin":false},{"Id":1139,"GroupId":129,"Group":null,"UserId":17,"User":null,"IsAdmin":false},{"Id":1045,"GroupId":121,"Group":null,"UserId":17,"User":null,"IsAdmin":false},{"Id":1138,"GroupId":129,"Group":null,"UserId":22,"User":null,"IsAdmin":false},{"Id":1136,"GroupId":129,"Group":null,"UserId":10,"User":null,"IsAdmin":false},{"Id":1135,"GroupId":129,"Group":null,"UserId":7,"User":null,"IsAdmin":true},{"Id":1134,"GroupId":129,"Group":null,"UserId":8,"User":null,"IsAdmin":true},{"Id":1133,"GroupId":129,"Group":null,"UserId":12,"User":null,"IsAdmin":true},{"Id":1132,"GroupId":129,"Group":null,"UserId":2,"User":null,"IsAdmin":true},{"Id":1131,"GroupId":128,"Group":null,"UserId":17,"User":null,"IsAdmin":false},{"Id":1137,"GroupId":129,"Group":null,"UserId":14,"User":null,"IsAdmin":false},{"Id":635,"GroupId":85,"Group":null,"UserId":8,"User":null,"IsAdmin":true},{"Id":1044,"GroupId":121,"Group":null,"UserId":20,"User":null,"IsAdmin":false},{"Id":1042,"GroupId":121,"Group":null,"UserId":8,"User":null,"IsAdmin":true},{"Id":943,"GroupId":112,"Group":null,"UserId":2,"User":null,"IsAdmin":true},{"Id":944,"GroupId":112,"Group":null,"UserId":21,"User":null,"IsAdmin":false},{"Id":945,"GroupId":112,"Group":null,"UserId":25,"User":null,"IsAdmin":false},{"Id":946,"GroupId":112,"Group":null,"UserId":20,"User":null,"IsAdmin":false},{"Id":947,"GroupId":112,"Group":null,"UserId":13,"User":null,"IsAdmin":false},{"Id":948,"GroupId":112,"Group":null,"UserId":24,"User":null,"IsAdmin":false},{"Id":949,"GroupId":112,"Group":null,"UserId":17,"User":null,"IsAdmin":false},{"Id":950,"GroupId":112,"Group":null,"UserId":14,"User":null,"IsAdmin":false},{"Id":951,"GroupId":112,"Group":null,"UserId":23,"User":null,"IsAdmin":false},{"Id":952,"GroupId":113,"Group":null,"UserId":12,"User":null,"IsAdmin":true},{"Id":953,"GroupId":113,"Group":null,"UserId":8,"User":null,"IsAdmin":true},{"Id":954,"GroupId":113,"Group":null,"UserId":19,"User":null,"IsAdmin":false},{"Id":955,"GroupId":113,"Group":null,"UserId":10,"User":null,"IsAdmin":false},{"Id":956,"GroupId":113,"Group":null,"UserId":22,"User":null,"IsAdmin":false},{"Id":942,"GroupId":111,"Group":null,"UserId":25,"User":null,"IsAdmin":false},{"Id":957,"GroupId":113,"Group":null,"UserId":25,"User":null,"IsAdmin":false},{"Id":959,"GroupId":113,"Group":null,"UserId":18,"User":null,"IsAdmin":false},{"Id":960,"GroupId":113,"Group":null,"UserId":20,"User":null,"IsAdmin":false},{"Id":961,"GroupId":113,"Group":null,"UserId":17,"User":null,"IsAdmin":false},{"Id":962,"GroupId":113,"Group":null,"UserId":11,"User":null,"IsAdmin":false},{"Id":963,"GroupId":113,"Group":null,"UserId":13,"User":null,"IsAdmin":false},{"Id":964,"GroupId":113,"Group":null,"UserId":26,"User":null,"IsAdmin":false},{"Id":965,"GroupId":113,"Group":null,"UserId":21,"User":null,"IsAdmin":false},{"Id":966,"GroupId":113,"Group":null,"UserId":24,"User":null,"IsAdmin":false},{"Id":967,"GroupId":114,"Group":null,"UserId":7,"User":null,"IsAdmin":true},{"Id":968,"GroupId":114,"Group":null,"UserId":27,"User":null,"IsAdmin":false},{"Id":969,"GroupId":114,"Group":null,"UserId":15,"User":null,"IsAdmin":false},{"Id":970,"GroupId":114,"Group":null,"UserId":14,"User":null,"IsAdmin":false},{"Id":971,"GroupId":114,"Group":null,"UserId":19,"User":null,"IsAdmin":false},{"Id":972,"GroupId":114,"Group":null,"UserId":20,"User":null,"IsAdmin":false},{"Id":958,"GroupId":113,"Group":null,"UserId":27,"User":null,"IsAdmin":false},{"Id":973,"GroupId":115,"Group":null,"UserId":12,"User":null,"IsAdmin":true},{"Id":941,"GroupId":111,"Group":null,"UserId":20,"User":null,"IsAdmin":false},{"Id":939,"GroupId":111,"Group":null,"UserId":13,"User":null,"IsAdmin":false},{"Id":909,"GroupId":109,"Group":null,"UserId":19,"User":null,"IsAdmin":false},{"Id":910,"GroupId":109,"Group":null,"UserId":22,"User":null,"IsAdmin":false},{"Id":911,"GroupId":109,"Group":null,"UserId":26,"User":null,"IsAdmin":false},{"Id":912,"GroupId":109,"Group":null,"UserId":15,"User":null,"IsAdmin":false},{"Id":913,"GroupId":110,"Group":null,"UserId":7,"User":null,"IsAdmin":true},{"Id":914,"GroupId":110,"Group":null,"UserId":12,"User":null,"IsAdmin":true},{"Id":915,"GroupId":110,"Group":null,"UserId":8,"User":null,"IsAdmin":true},{"Id":916,"GroupId":110,"Group":null,"UserId":15,"User":null,"IsAdmin":false},{"Id":917,"GroupId":110,"Group":null,"UserId":22,"User":null,"IsAdmin":false},{"Id":918,"GroupId":110,"Group":null,"UserId":24,"User":null,"IsAdmin":false},{"Id":919,"GroupId":110,"Group":null,"UserId":13,"User":null,"IsAdmin":false},{"Id":920,"GroupId":110,"Group":null,"UserId":17,"User":null,"IsAdmin":false},{"Id":921,"GroupId":110,"Group":null,"UserId":27,"User":null,"IsAdmin":false},{"Id":922,"GroupId":110,"Group":null,"UserId":21,"User":null,"IsAdmin":false},{"Id":940,"GroupId":111,"Group":null,"UserId":17,"User":null,"IsAdmin":false},{"Id":923,"GroupId":110,"Group":null,"UserId":14,"User":null,"IsAdmin":false},{"Id":925,"GroupId":110,"Group":null,"UserId":26,"User":null,"IsAdmin":false},{"Id":926,"GroupId":110,"Group":null,"UserId":25,"User":null,"IsAdmin":false},{"Id":927,"GroupId":110,"Group":null,"UserId":10,"User":null,"IsAdmin":false},{"Id":928,"GroupId":110,"Group":null,"UserId":23,"User":null,"IsAdmin":false},{"Id":929,"GroupId":110,"Group":null,"UserId":20,"User":null,"IsAdmin":false},{"Id":930,"GroupId":110,"Group":null,"UserId":11,"User":null,"IsAdmin":false},{"Id":931,"GroupId":110,"Group":null,"UserId":16,"User":null,"IsAdmin":false},{"Id":932,"GroupId":111,"Group":null,"UserId":9,"User":null,"IsAdmin":true},{"Id":933,"GroupId":111,"Group":null,"UserId":7,"User":null,"IsAdmin":true},{"Id":934,"GroupId":111,"Group":null,"UserId":2,"User":null,"IsAdmin":true},{"Id":935,"GroupId":111,"Group":null,"UserId":11,"User":null,"IsAdmin":false},{"Id":936,"GroupId":111,"Group":null,"UserId":22,"User":null,"IsAdmin":false},{"Id":937,"GroupId":111,"Group":null,"UserId":14,"User":null,"IsAdmin":false},{"Id":938,"GroupId":111,"Group":null,"UserId":27,"User":null,"IsAdmin":false},{"Id":924,"GroupId":110,"Group":null,"UserId":19,"User":null,"IsAdmin":false},{"Id":974,"GroupId":115,"Group":null,"UserId":7,"User":null,"IsAdmin":true},{"Id":975,"GroupId":115,"Group":null,"UserId":9,"User":null,"IsAdmin":true},{"Id":976,"GroupId":115,"Group":null,"UserId":11,"User":null,"IsAdmin":false},{"Id":1012,"GroupId":118,"Group":null,"UserId":19,"User":null,"IsAdmin":false},{"Id":1013,"GroupId":118,"Group":null,"UserId":10,"User":null,"IsAdmin":false},{"Id":1014,"GroupId":119,"Group":null,"UserId":12,"User":null,"IsAdmin":true},{"Id":1015,"GroupId":119,"Group":null,"UserId":9,"User":null,"IsAdmin":true},{"Id":1016,"GroupId":119,"Group":null,"UserId":8,"User":null,"IsAdmin":true},{"Id":1017,"GroupId":119,"Group":null,"UserId":22,"User":null,"IsAdmin":false},{"Id":1018,"GroupId":119,"Group":null,"UserId":14,"User":null,"IsAdmin":false},{"Id":1019,"GroupId":119,"Group":null,"UserId":20,"User":null,"IsAdmin":false},{"Id":1020,"GroupId":119,"Group":null,"UserId":18,"User":null,"IsAdmin":false},{"Id":1021,"GroupId":119,"Group":null,"UserId":24,"User":null,"IsAdmin":false},{"Id":1022,"GroupId":119,"Group":null,"UserId":17,"User":null,"IsAdmin":false},{"Id":1023,"GroupId":119,"Group":null,"UserId":13,"User":null,"IsAdmin":false},{"Id":1024,"GroupId":119,"Group":null,"UserId":25,"User":null,"IsAdmin":false},{"Id":1025,"GroupId":119,"Group":null,"UserId":19,"User":null,"IsAdmin":false},{"Id":1011,"GroupId":118,"Group":null,"UserId":18,"User":null,"IsAdmin":false},{"Id":1026,"GroupId":119,"Group":null,"UserId":27,"User":null,"IsAdmin":false},{"Id":1028,"GroupId":119,"Group":null,"UserId":10,"User":null,"IsAdmin":false},{"Id":1029,"GroupId":119,"Group":null,"UserId":26,"User":null,"IsAdmin":false},{"Id":1030,"GroupId":119,"Group":null,"UserId":16,"User":null,"IsAdmin":false},{"Id":1031,"GroupId":119,"Group":null,"UserId":11,"User":null,"IsAdmin":false},{"Id":1032,"GroupId":120,"Group":null,"UserId":2,"User":null,"IsAdmin":true},{"Id":1033,"GroupId":120,"Group":null,"UserId":8,"User":null,"IsAdmin":true},{"Id":1034,"GroupId":120,"Group":null,"UserId":18,"User":null,"IsAdmin":false},{"Id":1035,"GroupId":120,"Group":null,"UserId":20,"User":null,"IsAdmin":false},{"Id":1036,"GroupId":120,"Group":null,"UserId":25,"User":null,"IsAdmin":false},{"Id":1037,"GroupId":120,"Group":null,"UserId":22,"User":null,"IsAdmin":false},{"Id":1038,"GroupId":120,"Group":null,"UserId":11,"User":null,"IsAdmin":false},{"Id":1039,"GroupId":120,"Group":null,"UserId":13,"User":null,"IsAdmin":false},{"Id":1040,"GroupId":121,"Group":null,"UserId":2,"User":null,"IsAdmin":true},{"Id":1041,"GroupId":121,"Group":null,"UserId":9,"User":null,"IsAdmin":true},{"Id":1027,"GroupId":119,"Group":null,"UserId":21,"User":null,"IsAdmin":false},{"Id":1010,"GroupId":118,"Group":null,"UserId":17,"User":null,"IsAdmin":false},{"Id":1009,"GroupId":118,"Group":null,"UserId":25,"User":null,"IsAdmin":false},{"Id":1008,"GroupId":118,"Group":null,"UserId":20,"User":null,"IsAdmin":false},{"Id":977,"GroupId":116,"Group":null,"UserId":8,"User":null,"IsAdmin":true},{"Id":978,"GroupId":116,"Group":null,"UserId":12,"User":null,"IsAdmin":true},{"Id":979,"GroupId":116,"Group":null,"UserId":2,"User":null,"IsAdmin":true},{"Id":980,"GroupId":116,"Group":null,"UserId":7,"User":null,"IsAdmin":true},{"Id":981,"GroupId":116,"Group":null,"UserId":19,"User":null,"IsAdmin":false},{"Id":982,"GroupId":116,"Group":null,"UserId":14,"User":null,"IsAdmin":false},{"Id":983,"GroupId":116,"Group":null,"UserId":17,"User":null,"IsAdmin":false},{"Id":984,"GroupId":116,"Group":null,"UserId":22,"User":null,"IsAdmin":false},{"Id":985,"GroupId":116,"Group":null,"UserId":18,"User":null,"IsAdmin":false},{"Id":986,"GroupId":116,"Group":null,"UserId":15,"User":null,"IsAdmin":false},{"Id":987,"GroupId":116,"Group":null,"UserId":26,"User":null,"IsAdmin":false},{"Id":988,"GroupId":116,"Group":null,"UserId":20,"User":null,"IsAdmin":false},{"Id":989,"GroupId":116,"Group":null,"UserId":24,"User":null,"IsAdmin":false},{"Id":990,"GroupId":116,"Group":null,"UserId":23,"User":null,"IsAdmin":false},{"Id":991,"GroupId":116,"Group":null,"UserId":21,"User":null,"IsAdmin":false},{"Id":992,"GroupId":116,"Group":null,"UserId":25,"User":null,"IsAdmin":false},{"Id":993,"GroupId":116,"Group":null,"UserId":10,"User":null,"IsAdmin":false},{"Id":1007,"GroupId":118,"Group":null,"UserId":14,"User":null,"IsAdmin":false},{"Id":1006,"GroupId":118,"Group":null,"UserId":16,"User":null,"IsAdmin":false},{"Id":1005,"GroupId":118,"Group":null,"UserId":22,"User":null,"IsAdmin":false},{"Id":1004,"GroupId":118,"Group":null,"UserId":15,"User":null,"IsAdmin":false},{"Id":1003,"GroupId":118,"Group":null,"UserId":7,"User":null,"IsAdmin":true},{"Id":1002,"GroupId":118,"Group":null,"UserId":12,"User":null,"IsAdmin":true},{"Id":1043,"GroupId":121,"Group":null,"UserId":13,"User":null,"IsAdmin":false},{"Id":1001,"GroupId":118,"Group":null,"UserId":8,"User":null,"IsAdmin":true},{"Id":999,"GroupId":117,"Group":null,"UserId":16,"User":null,"IsAdmin":false},{"Id":998,"GroupId":117,"Group":null,"UserId":7,"User":null,"IsAdmin":true},{"Id":997,"GroupId":117,"Group":null,"UserId":12,"User":null,"IsAdmin":true},{"Id":996,"GroupId":117,"Group":null,"UserId":9,"User":null,"IsAdmin":true},{"Id":995,"GroupId":117,"Group":null,"UserId":8,"User":null,"IsAdmin":true},{"Id":994,"GroupId":116,"Group":null,"UserId":13,"User":null,"IsAdmin":false},{"Id":1000,"GroupId":118,"Group":null,"UserId":9,"User":null,"IsAdmin":true},{"Id":634,"GroupId":85,"Group":null,"UserId":7,"User":null,"IsAdmin":true},{"Id":633,"GroupId":84,"Group":null,"UserId":21,"User":null,"IsAdmin":false},{"Id":632,"GroupId":84,"Group":null,"UserId":24,"User":null,"IsAdmin":false},{"Id":259,"GroupId":51,"Group":null,"UserId":10,"User":null,"IsAdmin":false},{"Id":260,"GroupId":51,"Group":null,"UserId":27,"User":null,"IsAdmin":false},{"Id":261,"GroupId":52,"Group":null,"UserId":7,"User":null,"IsAdmin":true},{"Id":262,"GroupId":52,"Group":null,"UserId":8,"User":null,"IsAdmin":true},{"Id":263,"GroupId":52,"Group":null,"UserId":9,"User":null,"IsAdmin":true},{"Id":264,"GroupId":52,"Group":null,"UserId":25,"User":null,"IsAdmin":false},{"Id":265,"GroupId":52,"Group":null,"UserId":11,"User":null,"IsAdmin":false},{"Id":266,"GroupId":52,"Group":null,"UserId":21,"User":null,"IsAdmin":false},{"Id":267,"GroupId":52,"Group":null,"UserId":24,"User":null,"IsAdmin":false},{"Id":268,"GroupId":52,"Group":null,"UserId":20,"User":null,"IsAdmin":false},{"Id":269,"GroupId":52,"Group":null,"UserId":27,"User":null,"IsAdmin":false},{"Id":270,"GroupId":52,"Group":null,"UserId":16,"User":null,"IsAdmin":false},{"Id":271,"GroupId":52,"Group":null,"UserId":18,"User":null,"IsAdmin":false},{"Id":272,"GroupId":53,"Group":null,"UserId":9,"User":null,"IsAdmin":true},{"Id":258,"GroupId":51,"Group":null,"UserId":15,"User":null,"IsAdmin":false},{"Id":273,"GroupId":53,"Group":null,"UserId":2,"User":null,"IsAdmin":true},{"Id":275,"GroupId":53,"Group":null,"UserId":15,"User":null,"IsAdmin":false},{"Id":276,"GroupId":53,"Group":null,"UserId":10,"User":null,"IsAdmin":false},{"Id":277,"GroupId":53,"Group":null,"UserId":14,"User":null,"IsAdmin":false},{"Id":278,"GroupId":53,"Group":null,"UserId":13,"User":null,"IsAdmin":false},{"Id":279,"GroupId":54,"Group":null,"UserId":8,"User":null,"IsAdmin":true},{"Id":280,"GroupId":54,"Group":null,"UserId":12,"User":null,"IsAdmin":true},{"Id":281,"GroupId":54,"Group":null,"UserId":20,"User":null,"IsAdmin":false},{"Id":282,"GroupId":54,"Group":null,"UserId":18,"User":null,"IsAdmin":false},{"Id":283,"GroupId":54,"Group":null,"UserId":15,"User":null,"IsAdmin":false},{"Id":284,"GroupId":54,"Group":null,"UserId":16,"User":null,"IsAdmin":false},{"Id":285,"GroupId":54,"Group":null,"UserId":19,"User":null,"IsAdmin":false},{"Id":286,"GroupId":54,"Group":null,"UserId":11,"User":null,"IsAdmin":false},{"Id":287,"GroupId":54,"Group":null,"UserId":14,"User":null,"IsAdmin":false},{"Id":288,"GroupId":54,"Group":null,"UserId":10,"User":null,"IsAdmin":false},{"Id":274,"GroupId":53,"Group":null,"UserId":18,"User":null,"IsAdmin":false},{"Id":289,"GroupId":54,"Group":null,"UserId":13,"User":null,"IsAdmin":false},{"Id":257,"GroupId":51,"Group":null,"UserId":13,"User":null,"IsAdmin":false},{"Id":255,"GroupId":51,"Group":null,"UserId":16,"User":null,"IsAdmin":false},{"Id":225,"GroupId":47,"Group":null,"UserId":14,"User":null,"IsAdmin":false},{"Id":226,"GroupId":47,"Group":null,"UserId":13,"User":null,"IsAdmin":false},{"Id":227,"GroupId":47,"Group":null,"UserId":11,"User":null,"IsAdmin":false},{"Id":228,"GroupId":47,"Group":null,"UserId":10,"User":null,"IsAdmin":false},{"Id":229,"GroupId":47,"Group":null,"UserId":21,"User":null,"IsAdmin":false},{"Id":230,"GroupId":47,"Group":null,"UserId":15,"User":null,"IsAdmin":false},{"Id":231,"GroupId":47,"Group":null,"UserId":22,"User":null,"IsAdmin":false},{"Id":232,"GroupId":47,"Group":null,"UserId":19,"User":null,"IsAdmin":false},{"Id":233,"GroupId":47,"Group":null,"UserId":20,"User":null,"IsAdmin":false},{"Id":234,"GroupId":48,"Group":null,"UserId":2,"User":null,"IsAdmin":true},{"Id":235,"GroupId":48,"Group":null,"UserId":9,"User":null,"IsAdmin":true},{"Id":236,"GroupId":48,"Group":null,"UserId":14,"User":null,"IsAdmin":false},{"Id":237,"GroupId":48,"Group":null,"UserId":25,"User":null,"IsAdmin":false},{"Id":238,"GroupId":48,"Group":null,"UserId":20,"User":null,"IsAdmin":false},{"Id":256,"GroupId":51,"Group":null,"UserId":23,"User":null,"IsAdmin":false},{"Id":239,"GroupId":49,"Group":null,"UserId":9,"User":null,"IsAdmin":true},{"Id":241,"GroupId":49,"Group":null,"UserId":12,"User":null,"IsAdmin":true},{"Id":242,"GroupId":49,"Group":null,"UserId":2,"User":null,"IsAdmin":true},{"Id":243,"GroupId":49,"Group":null,"UserId":11,"User":null,"IsAdmin":false},{"Id":244,"GroupId":49,"Group":null,"UserId":14,"User":null,"IsAdmin":false},{"Id":245,"GroupId":49,"Group":null,"UserId":22,"User":null,"IsAdmin":false},{"Id":246,"GroupId":50,"Group":null,"UserId":7,"User":null,"IsAdmin":true},{"Id":247,"GroupId":50,"Group":null,"UserId":10,"User":null,"IsAdmin":false},{"Id":248,"GroupId":50,"Group":null,"UserId":25,"User":null,"IsAdmin":false},{"Id":249,"GroupId":50,"Group":null,"UserId":27,"User":null,"IsAdmin":false},{"Id":250,"GroupId":50,"Group":null,"UserId":24,"User":null,"IsAdmin":false},{"Id":251,"GroupId":50,"Group":null,"UserId":18,"User":null,"IsAdmin":false},{"Id":252,"GroupId":51,"Group":null,"UserId":8,"User":null,"IsAdmin":true},{"Id":253,"GroupId":51,"Group":null,"UserId":9,"User":null,"IsAdmin":true},{"Id":254,"GroupId":51,"Group":null,"UserId":12,"User":null,"IsAdmin":true},{"Id":240,"GroupId":49,"Group":null,"UserId":8,"User":null,"IsAdmin":true},{"Id":290,"GroupId":54,"Group":null,"UserId":17,"User":null,"IsAdmin":false},{"Id":291,"GroupId":54,"Group":null,"UserId":22,"User":null,"IsAdmin":false},{"Id":292,"GroupId":54,"Group":null,"UserId":23,"User":null,"IsAdmin":false},{"Id":328,"GroupId":57,"Group":null,"UserId":9,"User":null,"IsAdmin":true},{"Id":329,"GroupId":57,"Group":null,"UserId":7,"User":null,"IsAdmin":true},{"Id":330,"GroupId":57,"Group":null,"UserId":2,"User":null,"IsAdmin":true},{"Id":331,"GroupId":57,"Group":null,"UserId":20,"User":null,"IsAdmin":false},{"Id":332,"GroupId":57,"Group":null,"UserId":19,"User":null,"IsAdmin":false},{"Id":333,"GroupId":57,"Group":null,"UserId":13,"User":null,"IsAdmin":false},{"Id":334,"GroupId":57,"Group":null,"UserId":22,"User":null,"IsAdmin":false},{"Id":335,"GroupId":58,"Group":null,"UserId":9,"User":null,"IsAdmin":true},{"Id":336,"GroupId":58,"Group":null,"UserId":12,"User":null,"IsAdmin":true},{"Id":337,"GroupId":58,"Group":null,"UserId":8,"User":null,"IsAdmin":true},{"Id":338,"GroupId":58,"Group":null,"UserId":19,"User":null,"IsAdmin":false},{"Id":339,"GroupId":59,"Group":null,"UserId":2,"User":null,"IsAdmin":true},{"Id":340,"GroupId":59,"Group":null,"UserId":7,"User":null,"IsAdmin":true},{"Id":341,"GroupId":59,"Group":null,"UserId":11,"User":null,"IsAdmin":false},{"Id":327,"GroupId":57,"Group":null,"UserId":12,"User":null,"IsAdmin":true},{"Id":342,"GroupId":59,"Group":null,"UserId":10,"User":null,"IsAdmin":false},{"Id":344,"GroupId":59,"Group":null,"UserId":14,"User":null,"IsAdmin":false},{"Id":345,"GroupId":59,"Group":null,"UserId":24,"User":null,"IsAdmin":false},{"Id":346,"GroupId":59,"Group":null,"UserId":16,"User":null,"IsAdmin":false},{"Id":347,"GroupId":59,"Group":null,"UserId":19,"User":null,"IsAdmin":false},{"Id":348,"GroupId":59,"Group":null,"UserId":21,"User":null,"IsAdmin":false},{"Id":349,"GroupId":59,"Group":null,"UserId":26,"User":null,"IsAdmin":false},{"Id":350,"GroupId":59,"Group":null,"UserId":22,"User":null,"IsAdmin":false},{"Id":351,"GroupId":60,"Group":null,"UserId":12,"User":null,"IsAdmin":true},{"Id":352,"GroupId":60,"Group":null,"UserId":23,"User":null,"IsAdmin":false},{"Id":353,"GroupId":60,"Group":null,"UserId":10,"User":null,"IsAdmin":false},{"Id":354,"GroupId":60,"Group":null,"UserId":27,"User":null,"IsAdmin":false},{"Id":355,"GroupId":60,"Group":null,"UserId":14,"User":null,"IsAdmin":false},{"Id":356,"GroupId":60,"Group":null,"UserId":17,"User":null,"IsAdmin":false},{"Id":357,"GroupId":60,"Group":null,"UserId":25,"User":null,"IsAdmin":false},{"Id":343,"GroupId":59,"Group":null,"UserId":25,"User":null,"IsAdmin":false},{"Id":326,"GroupId":56,"Group":null,"UserId":24,"User":null,"IsAdmin":false},{"Id":325,"GroupId":56,"Group":null,"UserId":27,"User":null,"IsAdmin":false},{"Id":324,"GroupId":56,"Group":null,"UserId":26,"User":null,"IsAdmin":false},{"Id":293,"GroupId":54,"Group":null,"UserId":26,"User":null,"IsAdmin":false},{"Id":294,"GroupId":54,"Group":null,"UserId":24,"User":null,"IsAdmin":false},{"Id":295,"GroupId":54,"Group":null,"UserId":27,"User":null,"IsAdmin":false},{"Id":296,"GroupId":54,"Group":null,"UserId":21,"User":null,"IsAdmin":false},{"Id":297,"GroupId":55,"Group":null,"UserId":8,"User":null,"IsAdmin":true},{"Id":298,"GroupId":55,"Group":null,"UserId":7,"User":null,"IsAdmin":true},{"Id":299,"GroupId":55,"Group":null,"UserId":23,"User":null,"IsAdmin":false},{"Id":300,"GroupId":55,"Group":null,"UserId":18,"User":null,"IsAdmin":false},{"Id":301,"GroupId":55,"Group":null,"UserId":20,"User":null,"IsAdmin":false},{"Id":302,"GroupId":55,"Group":null,"UserId":24,"User":null,"IsAdmin":false},{"Id":303,"GroupId":55,"Group":null,"UserId":15,"User":null,"IsAdmin":false},{"Id":304,"GroupId":55,"Group":null,"UserId":21,"User":null,"IsAdmin":false},{"Id":305,"GroupId":55,"Group":null,"UserId":14,"User":null,"IsAdmin":false},{"Id":306,"GroupId":55,"Group":null,"UserId":26,"User":null,"IsAdmin":false},{"Id":307,"GroupId":55,"Group":null,"UserId":22,"User":null,"IsAdmin":false},{"Id":308,"GroupId":56,"Group":null,"UserId":2,"User":null,"IsAdmin":true},{"Id":309,"GroupId":56,"Group":null,"UserId":8,"User":null,"IsAdmin":true},{"Id":323,"GroupId":56,"Group":null,"UserId":23,"User":null,"IsAdmin":false},{"Id":322,"GroupId":56,"Group":null,"UserId":14,"User":null,"IsAdmin":false},{"Id":321,"GroupId":56,"Group":null,"UserId":25,"User":null,"IsAdmin":false},{"Id":320,"GroupId":56,"Group":null,"UserId":18,"User":null,"IsAdmin":false},{"Id":319,"GroupId":56,"Group":null,"UserId":13,"User":null,"IsAdmin":false},{"Id":318,"GroupId":56,"Group":null,"UserId":16,"User":null,"IsAdmin":false},{"Id":224,"GroupId":47,"Group":null,"UserId":23,"User":null,"IsAdmin":false},{"Id":317,"GroupId":56,"Group":null,"UserId":15,"User":null,"IsAdmin":false},{"Id":315,"GroupId":56,"Group":null,"UserId":21,"User":null,"IsAdmin":false},{"Id":314,"GroupId":56,"Group":null,"UserId":19,"User":null,"IsAdmin":false},{"Id":313,"GroupId":56,"Group":null,"UserId":22,"User":null,"IsAdmin":false},{"Id":312,"GroupId":56,"Group":null,"UserId":17,"User":null,"IsAdmin":false},{"Id":311,"GroupId":56,"Group":null,"UserId":12,"User":null,"IsAdmin":true},{"Id":310,"GroupId":56,"Group":null,"UserId":7,"User":null,"IsAdmin":true},{"Id":316,"GroupId":56,"Group":null,"UserId":11,"User":null,"IsAdmin":false},{"Id":358,"GroupId":60,"Group":null,"UserId":19,"User":null,"IsAdmin":false},{"Id":223,"GroupId":47,"Group":null,"UserId":9,"User":null,"IsAdmin":true},{"Id":221,"GroupId":46,"Group":null,"UserId":25,"User":null,"IsAdmin":false},{"Id":148,"GroupId":40,"Group":null,"UserId":19,"User":null,"IsAdmin":false},{"Id":147,"GroupId":40,"Group":null,"UserId":16,"User":null,"IsAdmin":false},{"Id":146,"GroupId":40,"Group":null,"UserId":24,"User":null,"IsAdmin":false},{"Id":145,"GroupId":40,"Group":null,"UserId":23,"User":null,"IsAdmin":false},{"Id":144,"GroupId":40,"Group":null,"UserId":13,"User":null,"IsAdmin":false},{"Id":143,"GroupId":40,"Group":null,"UserId":17,"User":null,"IsAdmin":false},{"Id":142,"GroupId":40,"Group":null,"UserId":21,"User":null,"IsAdmin":false},{"Id":141,"GroupId":40,"Group":null,"UserId":27,"User":null,"IsAdmin":false},{"Id":140,"GroupId":40,"Group":null,"UserId":8,"User":null,"IsAdmin":true},{"Id":139,"GroupId":39,"Group":null,"UserId":27,"User":null,"IsAdmin":false},{"Id":138,"GroupId":39,"Group":null,"UserId":11,"User":null,"IsAdmin":false},{"Id":137,"GroupId":39,"Group":null,"UserId":26,"User":null,"IsAdmin":false},{"Id":136,"GroupId":39,"Group":null,"UserId":17,"User":null,"IsAdmin":false},{"Id":135,"GroupId":39,"Group":null,"UserId":10,"User":null,"IsAdmin":false},{"Id":149,"GroupId":40,"Group":null,"UserId":11,"User":null,"IsAdmin":false},{"Id":134,"GroupId":39,"Group":null,"UserId":12,"User":null,"IsAdmin":true},{"Id":132,"GroupId":39,"Group":null,"UserId":9,"User":null,"IsAdmin":true},{"Id":131,"GroupId":39,"Group":null,"UserId":7,"User":null,"IsAdmin":true},{"Id":130,"GroupId":38,"Group":null,"UserId":21,"User":null,"IsAdmin":false},{"Id":129,"GroupId":38,"Group":null,"UserId":18,"User":null,"IsAdmin":false},{"Id":128,"GroupId":38,"Group":null,"UserId":26,"User":null,"IsAdmin":false},{"Id":127,"GroupId":38,"Group":null,"UserId":24,"User":null,"IsAdmin":false},{"Id":126,"GroupId":38,"Group":null,"UserId":2,"User":null,"IsAdmin":true},{"Id":125,"GroupId":38,"Group":null,"UserId":7,"User":null,"IsAdmin":true},{"Id":124,"GroupId":38,"Group":null,"UserId":9,"User":null,"IsAdmin":true},{"Id":123,"GroupId":38,"Group":null,"UserId":8,"User":null,"IsAdmin":true},{"Id":122,"GroupId":37,"Group":null,"UserId":21,"User":null,"IsAdmin":false},{"Id":121,"GroupId":37,"Group":null,"UserId":10,"User":null,"IsAdmin":false},{"Id":120,"GroupId":37,"Group":null,"UserId":14,"User":null,"IsAdmin":false},{"Id":119,"GroupId":37,"Group":null,"UserId":19,"User":null,"IsAdmin":false},{"Id":133,"GroupId":39,"Group":null,"UserId":2,"User":null,"IsAdmin":true},{"Id":118,"GroupId":37,"Group":null,"UserId":11,"User":null,"IsAdmin":false},{"Id":150,"GroupId":40,"Group":null,"UserId":25,"User":null,"IsAdmin":false},{"Id":152,"GroupId":40,"Group":null,"UserId":14,"User":null,"IsAdmin":false},{"Id":182,"GroupId":43,"Group":null,"UserId":12,"User":null,"IsAdmin":true},{"Id":181,"GroupId":43,"Group":null,"UserId":7,"User":null,"IsAdmin":true},{"Id":180,"GroupId":42,"Group":null,"UserId":24,"User":null,"IsAdmin":false},{"Id":179,"GroupId":42,"Group":null,"UserId":15,"User":null,"IsAdmin":false},{"Id":178,"GroupId":42,"Group":null,"UserId":14,"User":null,"IsAdmin":false},{"Id":177,"GroupId":42,"Group":null,"UserId":9,"User":null,"IsAdmin":true},{"Id":176,"GroupId":42,"Group":null,"UserId":2,"User":null,"IsAdmin":true},{"Id":175,"GroupId":42,"Group":null,"UserId":12,"User":null,"IsAdmin":true},{"Id":174,"GroupId":42,"Group":null,"UserId":7,"User":null,"IsAdmin":true},{"Id":173,"GroupId":41,"Group":null,"UserId":22,"User":null,"IsAdmin":false},{"Id":172,"GroupId":41,"Group":null,"UserId":27,"User":null,"IsAdmin":false},{"Id":171,"GroupId":41,"Group":null,"UserId":26,"User":null,"IsAdmin":false},{"Id":170,"GroupId":41,"Group":null,"UserId":21,"User":null,"IsAdmin":false},{"Id":169,"GroupId":41,"Group":null,"UserId":24,"User":null,"IsAdmin":false},{"Id":151,"GroupId":40,"Group":null,"UserId":18,"User":null,"IsAdmin":false},{"Id":168,"GroupId":41,"Group":null,"UserId":13,"User":null,"IsAdmin":false},{"Id":166,"GroupId":41,"Group":null,"UserId":19,"User":null,"IsAdmin":false},{"Id":165,"GroupId":41,"Group":null,"UserId":14,"User":null,"IsAdmin":false},{"Id":164,"GroupId":41,"Group":null,"UserId":20,"User":null,"IsAdmin":false},{"Id":163,"GroupId":41,"Group":null,"UserId":11,"User":null,"IsAdmin":false},{"Id":162,"GroupId":41,"Group":null,"UserId":10,"User":null,"IsAdmin":false},{"Id":161,"GroupId":41,"Group":null,"UserId":18,"User":null,"IsAdmin":false},{"Id":160,"GroupId":41,"Group":null,"UserId":23,"User":null,"IsAdmin":false},{"Id":159,"GroupId":41,"Group":null,"UserId":15,"User":null,"IsAdmin":false},{"Id":158,"GroupId":41,"Group":null,"UserId":12,"User":null,"IsAdmin":true},{"Id":157,"GroupId":41,"Group":null,"UserId":8,"User":null,"IsAdmin":true},{"Id":156,"GroupId":40,"Group":null,"UserId":20,"User":null,"IsAdmin":false},{"Id":155,"GroupId":40,"Group":null,"UserId":15,"User":null,"IsAdmin":false},{"Id":154,"GroupId":40,"Group":null,"UserId":26,"User":null,"IsAdmin":false},{"Id":153,"GroupId":40,"Group":null,"UserId":22,"User":null,"IsAdmin":false},{"Id":167,"GroupId":41,"Group":null,"UserId":25,"User":null,"IsAdmin":false},{"Id":117,"GroupId":37,"Group":null,"UserId":26,"User":null,"IsAdmin":false},{"Id":116,"GroupId":37,"Group":null,"UserId":13,"User":null,"IsAdmin":false},{"Id":115,"GroupId":37,"Group":null,"UserId":15,"User":null,"IsAdmin":false},{"Id":191,"GroupId":43,"Group":null,"UserId":19,"User":null,"IsAdmin":false},{"Id":192,"GroupId":43,"Group":null,"UserId":26,"User":null,"IsAdmin":false},{"Id":193,"GroupId":43,"Group":null,"UserId":17,"User":null,"IsAdmin":false},{"Id":194,"GroupId":43,"Group":null,"UserId":22,"User":null,"IsAdmin":false},{"Id":195,"GroupId":43,"Group":null,"UserId":24,"User":null,"IsAdmin":false},{"Id":196,"GroupId":43,"Group":null,"UserId":13,"User":null,"IsAdmin":false},{"Id":197,"GroupId":43,"Group":null,"UserId":10,"User":null,"IsAdmin":false},{"Id":198,"GroupId":44,"Group":null,"UserId":9,"User":null,"IsAdmin":true},{"Id":199,"GroupId":44,"Group":null,"UserId":26,"User":null,"IsAdmin":false},{"Id":200,"GroupId":44,"Group":null,"UserId":17,"User":null,"IsAdmin":false},{"Id":201,"GroupId":44,"Group":null,"UserId":11,"User":null,"IsAdmin":false},{"Id":202,"GroupId":44,"Group":null,"UserId":22,"User":null,"IsAdmin":false},{"Id":203,"GroupId":44,"Group":null,"UserId":21,"User":null,"IsAdmin":false},{"Id":204,"GroupId":45,"Group":null,"UserId":7,"User":null,"IsAdmin":true},{"Id":190,"GroupId":43,"Group":null,"UserId":23,"User":null,"IsAdmin":false},{"Id":205,"GroupId":45,"Group":null,"UserId":8,"User":null,"IsAdmin":true},{"Id":207,"GroupId":45,"Group":null,"UserId":9,"User":null,"IsAdmin":true},{"Id":208,"GroupId":45,"Group":null,"UserId":23,"User":null,"IsAdmin":false},{"Id":209,"GroupId":45,"Group":null,"UserId":10,"User":null,"IsAdmin":false},{"Id":210,"GroupId":45,"Group":null,"UserId":18,"User":null,"IsAdmin":false},{"Id":211,"GroupId":45,"Group":null,"UserId":22,"User":null,"IsAdmin":false},{"Id":212,"GroupId":45,"Group":null,"UserId":14,"User":null,"IsAdmin":false},{"Id":213,"GroupId":45,"Group":null,"UserId":26,"User":null,"IsAdmin":false},{"Id":214,"GroupId":45,"Group":null,"UserId":16,"User":null,"IsAdmin":false},{"Id":215,"GroupId":45,"Group":null,"UserId":13,"User":null,"IsAdmin":false},{"Id":216,"GroupId":46,"Group":null,"UserId":2,"User":null,"IsAdmin":true},{"Id":217,"GroupId":46,"Group":null,"UserId":8,"User":null,"IsAdmin":true},{"Id":218,"GroupId":46,"Group":null,"UserId":13,"User":null,"IsAdmin":false},{"Id":219,"GroupId":46,"Group":null,"UserId":20,"User":null,"IsAdmin":false},{"Id":220,"GroupId":46,"Group":null,"UserId":27,"User":null,"IsAdmin":false},{"Id":206,"GroupId":45,"Group":null,"UserId":2,"User":null,"IsAdmin":true},{"Id":189,"GroupId":43,"Group":null,"UserId":20,"User":null,"IsAdmin":false},{"Id":188,"GroupId":43,"Group":null,"UserId":18,"User":null,"IsAdmin":false},{"Id":187,"GroupId":43,"Group":null,"UserId":21,"User":null,"IsAdmin":false},{"Id":114,"GroupId":37,"Group":null,"UserId":16,"User":null,"IsAdmin":false},{"Id":113,"GroupId":37,"Group":null,"UserId":27,"User":null,"IsAdmin":false},{"Id":112,"GroupId":37,"Group":null,"UserId":23,"User":null,"IsAdmin":false},{"Id":111,"GroupId":37,"Group":null,"UserId":24,"User":null,"IsAdmin":false},{"Id":110,"GroupId":37,"Group":null,"UserId":18,"User":null,"IsAdmin":false},{"Id":109,"GroupId":37,"Group":null,"UserId":22,"User":null,"IsAdmin":false},{"Id":108,"GroupId":37,"Group":null,"UserId":25,"User":null,"IsAdmin":false},{"Id":107,"GroupId":37,"Group":null,"UserId":12,"User":null,"IsAdmin":true},{"Id":106,"GroupId":37,"Group":null,"UserId":8,"User":null,"IsAdmin":true},{"Id":105,"GroupId":37,"Group":null,"UserId":9,"User":null,"IsAdmin":true},{"Id":104,"GroupId":37,"Group":null,"UserId":7,"User":null,"IsAdmin":true},{"Id":103,"GroupId":36,"Group":null,"UserId":18,"User":null,"IsAdmin":false},{"Id":102,"GroupId":36,"Group":null,"UserId":21,"User":null,"IsAdmin":false},{"Id":101,"GroupId":36,"Group":null,"UserId":11,"User":null,"IsAdmin":false},{"Id":100,"GroupId":36,"Group":null,"UserId":19,"User":null,"IsAdmin":false},{"Id":99,"GroupId":36,"Group":null,"UserId":24,"User":null,"IsAdmin":false},{"Id":98,"GroupId":36,"Group":null,"UserId":26,"User":null,"IsAdmin":false},{"Id":186,"GroupId":43,"Group":null,"UserId":14,"User":null,"IsAdmin":false},{"Id":185,"GroupId":43,"Group":null,"UserId":11,"User":null,"IsAdmin":false},{"Id":184,"GroupId":43,"Group":null,"UserId":27,"User":null,"IsAdmin":false},{"Id":87,"GroupId":36,"Group":null,"UserId":7,"User":null,"IsAdmin":true},{"Id":88,"GroupId":36,"Group":null,"UserId":27,"User":null,"IsAdmin":false},{"Id":89,"GroupId":36,"Group":null,"UserId":13,"User":null,"IsAdmin":false},{"Id":222,"GroupId":46,"Group":null,"UserId":22,"User":null,"IsAdmin":false},{"Id":90,"GroupId":36,"Group":null,"UserId":22,"User":null,"IsAdmin":false},{"Id":92,"GroupId":36,"Group":null,"UserId":17,"User":null,"IsAdmin":false},{"Id":93,"GroupId":36,"Group":null,"UserId":20,"User":null,"IsAdmin":false},{"Id":94,"GroupId":36,"Group":null,"UserId":25,"User":null,"IsAdmin":false},{"Id":95,"GroupId":36,"Group":null,"UserId":23,"User":null,"IsAdmin":false},{"Id":96,"GroupId":36,"Group":null,"UserId":16,"User":null,"IsAdmin":false},{"Id":97,"GroupId":36,"Group":null,"UserId":10,"User":null,"IsAdmin":false},{"Id":91,"GroupId":36,"Group":null,"UserId":14,"User":null,"IsAdmin":false},{"Id":1179,"GroupId":132,"Group":null,"UserId":19,"User":null,"IsAdmin":false},{"Id":359,"GroupId":60,"Group":null,"UserId":24,"User":null,"IsAdmin":false},{"Id":361,"GroupId":61,"Group":null,"UserId":12,"User":null,"IsAdmin":true},{"Id":533,"GroupId":77,"Group":null,"UserId":19,"User":null,"IsAdmin":false},{"Id":534,"GroupId":77,"Group":null,"UserId":11,"User":null,"IsAdmin":false},{"Id":535,"GroupId":77,"Group":null,"UserId":24,"User":null,"IsAdmin":false},{"Id":536,"GroupId":77,"Group":null,"UserId":20,"User":null,"IsAdmin":false},{"Id":537,"GroupId":77,"Group":null,"UserId":25,"User":null,"IsAdmin":false},{"Id":538,"GroupId":77,"Group":null,"UserId":27,"User":null,"IsAdmin":false},{"Id":539,"GroupId":77,"Group":null,"UserId":26,"User":null,"IsAdmin":false},{"Id":540,"GroupId":77,"Group":null,"UserId":14,"User":null,"IsAdmin":false},{"Id":541,"GroupId":78,"Group":null,"UserId":7,"User":null,"IsAdmin":true},{"Id":542,"GroupId":78,"Group":null,"UserId":12,"User":null,"IsAdmin":true},{"Id":543,"GroupId":78,"Group":null,"UserId":9,"User":null,"IsAdmin":true},{"Id":544,"GroupId":78,"Group":null,"UserId":18,"User":null,"IsAdmin":false},{"Id":545,"GroupId":78,"Group":null,"UserId":27,"User":null,"IsAdmin":false},{"Id":546,"GroupId":78,"Group":null,"UserId":26,"User":null,"IsAdmin":false},{"Id":532,"GroupId":77,"Group":null,"UserId":9,"User":null,"IsAdmin":true},{"Id":547,"GroupId":78,"Group":null,"UserId":15,"User":null,"IsAdmin":false},{"Id":549,"GroupId":78,"Group":null,"UserId":21,"User":null,"IsAdmin":false},{"Id":550,"GroupId":78,"Group":null,"UserId":24,"User":null,"IsAdmin":false},{"Id":551,"GroupId":78,"Group":null,"UserId":25,"User":null,"IsAdmin":false},{"Id":552,"GroupId":78,"Group":null,"UserId":16,"User":null,"IsAdmin":false},{"Id":553,"GroupId":78,"Group":null,"UserId":22,"User":null,"IsAdmin":false},{"Id":554,"GroupId":78,"Group":null,"UserId":11,"User":null,"IsAdmin":false},{"Id":555,"GroupId":78,"Group":null,"UserId":23,"User":null,"IsAdmin":false},{"Id":556,"GroupId":78,"Group":null,"UserId":19,"User":null,"IsAdmin":false},{"Id":557,"GroupId":79,"Group":null,"UserId":12,"User":null,"IsAdmin":true},{"Id":558,"GroupId":79,"Group":null,"UserId":8,"User":null,"IsAdmin":true},{"Id":559,"GroupId":79,"Group":null,"UserId":10,"User":null,"IsAdmin":false},{"Id":560,"GroupId":79,"Group":null,"UserId":22,"User":null,"IsAdmin":false},{"Id":561,"GroupId":79,"Group":null,"UserId":26,"User":null,"IsAdmin":false},{"Id":562,"GroupId":79,"Group":null,"UserId":15,"User":null,"IsAdmin":false},{"Id":548,"GroupId":78,"Group":null,"UserId":13,"User":null,"IsAdmin":false},{"Id":563,"GroupId":79,"Group":null,"UserId":13,"User":null,"IsAdmin":false},{"Id":531,"GroupId":76,"Group":null,"UserId":21,"User":null,"IsAdmin":false},{"Id":529,"GroupId":76,"Group":null,"UserId":22,"User":null,"IsAdmin":false},{"Id":499,"GroupId":72,"Group":null,"UserId":11,"User":null,"IsAdmin":false},{"Id":500,"GroupId":72,"Group":null,"UserId":14,"User":null,"IsAdmin":false},{"Id":501,"GroupId":73,"Group":null,"UserId":9,"User":null,"IsAdmin":true},{"Id":502,"GroupId":73,"Group":null,"UserId":7,"User":null,"IsAdmin":true},{"Id":503,"GroupId":73,"Group":null,"UserId":16,"User":null,"IsAdmin":false},{"Id":504,"GroupId":73,"Group":null,"UserId":27,"User":null,"IsAdmin":false},{"Id":505,"GroupId":73,"Group":null,"UserId":21,"User":null,"IsAdmin":false},{"Id":506,"GroupId":73,"Group":null,"UserId":24,"User":null,"IsAdmin":false},{"Id":507,"GroupId":73,"Group":null,"UserId":20,"User":null,"IsAdmin":false},{"Id":508,"GroupId":73,"Group":null,"UserId":10,"User":null,"IsAdmin":false},{"Id":509,"GroupId":73,"Group":null,"UserId":25,"User":null,"IsAdmin":false},{"Id":510,"GroupId":73,"Group":null,"UserId":22,"User":null,"IsAdmin":false},{"Id":511,"GroupId":74,"Group":null,"UserId":9,"User":null,"IsAdmin":true},{"Id":512,"GroupId":74,"Group":null,"UserId":12,"User":null,"IsAdmin":true},{"Id":530,"GroupId":76,"Group":null,"UserId":16,"User":null,"IsAdmin":false},{"Id":513,"GroupId":74,"Group":null,"UserId":7,"User":null,"IsAdmin":true},{"Id":515,"GroupId":74,"Group":null,"UserId":17,"User":null,"IsAdmin":false},{"Id":516,"GroupId":74,"Group":null,"UserId":27,"User":null,"IsAdmin":false},{"Id":517,"GroupId":74,"Group":null,"UserId":23,"User":null,"IsAdmin":false},{"Id":518,"GroupId":74,"Group":null,"UserId":22,"User":null,"IsAdmin":false},{"Id":519,"GroupId":74,"Group":null,"UserId":13,"User":null,"IsAdmin":false},{"Id":520,"GroupId":74,"Group":null,"UserId":14,"User":null,"IsAdmin":false},{"Id":521,"GroupId":75,"Group":null,"UserId":9,"User":null,"IsAdmin":true},{"Id":522,"GroupId":75,"Group":null,"UserId":22,"User":null,"IsAdmin":false},{"Id":523,"GroupId":75,"Group":null,"UserId":16,"User":null,"IsAdmin":false},{"Id":524,"GroupId":76,"Group":null,"UserId":7,"User":null,"IsAdmin":true},{"Id":525,"GroupId":76,"Group":null,"UserId":9,"User":null,"IsAdmin":true},{"Id":526,"GroupId":76,"Group":null,"UserId":2,"User":null,"IsAdmin":true},{"Id":527,"GroupId":76,"Group":null,"UserId":12,"User":null,"IsAdmin":true},{"Id":528,"GroupId":76,"Group":null,"UserId":17,"User":null,"IsAdmin":false},{"Id":514,"GroupId":74,"Group":null,"UserId":2,"User":null,"IsAdmin":true},{"Id":564,"GroupId":79,"Group":null,"UserId":27,"User":null,"IsAdmin":false},{"Id":565,"GroupId":79,"Group":null,"UserId":11,"User":null,"IsAdmin":false},{"Id":566,"GroupId":79,"Group":null,"UserId":21,"User":null,"IsAdmin":false},{"Id":602,"GroupId":82,"Group":null,"UserId":11,"User":null,"IsAdmin":false},{"Id":603,"GroupId":82,"Group":null,"UserId":24,"User":null,"IsAdmin":false},{"Id":604,"GroupId":82,"Group":null,"UserId":19,"User":null,"IsAdmin":false},{"Id":605,"GroupId":82,"Group":null,"UserId":26,"User":null,"IsAdmin":false},{"Id":606,"GroupId":82,"Group":null,"UserId":22,"User":null,"IsAdmin":false},{"Id":607,"GroupId":82,"Group":null,"UserId":21,"User":null,"IsAdmin":false},{"Id":608,"GroupId":82,"Group":null,"UserId":20,"User":null,"IsAdmin":false},{"Id":609,"GroupId":82,"Group":null,"UserId":10,"User":null,"IsAdmin":false},{"Id":610,"GroupId":82,"Group":null,"UserId":23,"User":null,"IsAdmin":false},{"Id":611,"GroupId":82,"Group":null,"UserId":15,"User":null,"IsAdmin":false},{"Id":612,"GroupId":83,"Group":null,"UserId":2,"User":null,"IsAdmin":true},{"Id":613,"GroupId":83,"Group":null,"UserId":12,"User":null,"IsAdmin":true},{"Id":614,"GroupId":83,"Group":null,"UserId":24,"User":null,"IsAdmin":false},{"Id":615,"GroupId":83,"Group":null,"UserId":20,"User":null,"IsAdmin":false},{"Id":601,"GroupId":82,"Group":null,"UserId":17,"User":null,"IsAdmin":false},{"Id":616,"GroupId":83,"Group":null,"UserId":16,"User":null,"IsAdmin":false},{"Id":618,"GroupId":83,"Group":null,"UserId":15,"User":null,"IsAdmin":false},{"Id":619,"GroupId":83,"Group":null,"UserId":18,"User":null,"IsAdmin":false},{"Id":620,"GroupId":83,"Group":null,"UserId":27,"User":null,"IsAdmin":false},{"Id":621,"GroupId":83,"Group":null,"UserId":13,"User":null,"IsAdmin":false},{"Id":622,"GroupId":83,"Group":null,"UserId":14,"User":null,"IsAdmin":false},{"Id":623,"GroupId":83,"Group":null,"UserId":23,"User":null,"IsAdmin":false},{"Id":624,"GroupId":83,"Group":null,"UserId":17,"User":null,"IsAdmin":false},{"Id":625,"GroupId":84,"Group":null,"UserId":7,"User":null,"IsAdmin":true},{"Id":626,"GroupId":84,"Group":null,"UserId":12,"User":null,"IsAdmin":true},{"Id":627,"GroupId":84,"Group":null,"UserId":2,"User":null,"IsAdmin":true},{"Id":628,"GroupId":84,"Group":null,"UserId":8,"User":null,"IsAdmin":true},{"Id":629,"GroupId":84,"Group":null,"UserId":10,"User":null,"IsAdmin":false},{"Id":630,"GroupId":84,"Group":null,"UserId":23,"User":null,"IsAdmin":false},{"Id":631,"GroupId":84,"Group":null,"UserId":17,"User":null,"IsAdmin":false},{"Id":617,"GroupId":83,"Group":null,"UserId":22,"User":null,"IsAdmin":false},{"Id":600,"GroupId":82,"Group":null,"UserId":13,"User":null,"IsAdmin":false},{"Id":599,"GroupId":82,"Group":null,"UserId":14,"User":null,"IsAdmin":false},{"Id":598,"GroupId":82,"Group":null,"UserId":25,"User":null,"IsAdmin":false},{"Id":567,"GroupId":79,"Group":null,"UserId":17,"User":null,"IsAdmin":false},{"Id":568,"GroupId":79,"Group":null,"UserId":24,"User":null,"IsAdmin":false},{"Id":569,"GroupId":79,"Group":null,"UserId":18,"User":null,"IsAdmin":false},{"Id":570,"GroupId":79,"Group":null,"UserId":20,"User":null,"IsAdmin":false},{"Id":571,"GroupId":79,"Group":null,"UserId":19,"User":null,"IsAdmin":false},{"Id":572,"GroupId":80,"Group":null,"UserId":9,"User":null,"IsAdmin":true},{"Id":573,"GroupId":80,"Group":null,"UserId":26,"User":null,"IsAdmin":false},{"Id":574,"GroupId":80,"Group":null,"UserId":27,"User":null,"IsAdmin":false},{"Id":575,"GroupId":80,"Group":null,"UserId":23,"User":null,"IsAdmin":false},{"Id":576,"GroupId":80,"Group":null,"UserId":18,"User":null,"IsAdmin":false},{"Id":577,"GroupId":80,"Group":null,"UserId":11,"User":null,"IsAdmin":false},{"Id":578,"GroupId":80,"Group":null,"UserId":17,"User":null,"IsAdmin":false},{"Id":579,"GroupId":80,"Group":null,"UserId":13,"User":null,"IsAdmin":false},{"Id":580,"GroupId":80,"Group":null,"UserId":10,"User":null,"IsAdmin":false},{"Id":581,"GroupId":80,"Group":null,"UserId":20,"User":null,"IsAdmin":false},{"Id":582,"GroupId":80,"Group":null,"UserId":24,"User":null,"IsAdmin":false},{"Id":583,"GroupId":81,"Group":null,"UserId":12,"User":null,"IsAdmin":true},{"Id":597,"GroupId":82,"Group":null,"UserId":18,"User":null,"IsAdmin":false},{"Id":596,"GroupId":82,"Group":null,"UserId":27,"User":null,"IsAdmin":false},{"Id":595,"GroupId":82,"Group":null,"UserId":8,"User":null,"IsAdmin":true},{"Id":594,"GroupId":82,"Group":null,"UserId":2,"User":null,"IsAdmin":true},{"Id":593,"GroupId":82,"Group":null,"UserId":9,"User":null,"IsAdmin":true},{"Id":592,"GroupId":81,"Group":null,"UserId":22,"User":null,"IsAdmin":false},{"Id":498,"GroupId":72,"Group":null,"UserId":15,"User":null,"IsAdmin":false},{"Id":591,"GroupId":81,"Group":null,"UserId":10,"User":null,"IsAdmin":false},{"Id":589,"GroupId":81,"Group":null,"UserId":18,"User":null,"IsAdmin":false},{"Id":588,"GroupId":81,"Group":null,"UserId":21,"User":null,"IsAdmin":false},{"Id":587,"GroupId":81,"Group":null,"UserId":23,"User":null,"IsAdmin":false},{"Id":586,"GroupId":81,"Group":null,"UserId":9,"User":null,"IsAdmin":true},{"Id":585,"GroupId":81,"Group":null,"UserId":8,"User":null,"IsAdmin":true},{"Id":584,"GroupId":81,"Group":null,"UserId":2,"User":null,"IsAdmin":true},{"Id":590,"GroupId":81,"Group":null,"UserId":14,"User":null,"IsAdmin":false},{"Id":360,"GroupId":60,"Group":null,"UserId":15,"User":null,"IsAdmin":false},{"Id":497,"GroupId":72,"Group":null,"UserId":24,"User":null,"IsAdmin":false},{"Id":495,"GroupId":72,"Group":null,"UserId":13,"User":null,"IsAdmin":false},{"Id":396,"GroupId":64,"Group":null,"UserId":8,"User":null,"IsAdmin":true},{"Id":397,"GroupId":64,"Group":null,"UserId":12,"User":null,"IsAdmin":true},{"Id":398,"GroupId":64,"Group":null,"UserId":9,"User":null,"IsAdmin":true},{"Id":399,"GroupId":64,"Group":null,"UserId":7,"User":null,"IsAdmin":true},{"Id":400,"GroupId":64,"Group":null,"UserId":26,"User":null,"IsAdmin":false},{"Id":401,"GroupId":64,"Group":null,"UserId":17,"User":null,"IsAdmin":false},{"Id":402,"GroupId":64,"Group":null,"UserId":27,"User":null,"IsAdmin":false},{"Id":403,"GroupId":64,"Group":null,"UserId":18,"User":null,"IsAdmin":false},{"Id":404,"GroupId":64,"Group":null,"UserId":15,"User":null,"IsAdmin":false},{"Id":405,"GroupId":65,"Group":null,"UserId":2,"User":null,"IsAdmin":true},{"Id":406,"GroupId":65,"Group":null,"UserId":18,"User":null,"IsAdmin":false},{"Id":407,"GroupId":65,"Group":null,"UserId":21,"User":null,"IsAdmin":false},{"Id":408,"GroupId":65,"Group":null,"UserId":19,"User":null,"IsAdmin":false},{"Id":409,"GroupId":65,"Group":null,"UserId":10,"User":null,"IsAdmin":false},{"Id":395,"GroupId":63,"Group":null,"UserId":18,"User":null,"IsAdmin":false},{"Id":410,"GroupId":65,"Group":null,"UserId":27,"User":null,"IsAdmin":false},{"Id":412,"GroupId":65,"Group":null,"UserId":25,"User":null,"IsAdmin":false},{"Id":413,"GroupId":65,"Group":null,"UserId":26,"User":null,"IsAdmin":false},{"Id":414,"GroupId":65,"Group":null,"UserId":16,"User":null,"IsAdmin":false},{"Id":415,"GroupId":65,"Group":null,"UserId":23,"User":null,"IsAdmin":false},{"Id":416,"GroupId":65,"Group":null,"UserId":11,"User":null,"IsAdmin":false},{"Id":417,"GroupId":65,"Group":null,"UserId":24,"User":null,"IsAdmin":false},{"Id":418,"GroupId":66,"Group":null,"UserId":9,"User":null,"IsAdmin":true},{"Id":419,"GroupId":66,"Group":null,"UserId":7,"User":null,"IsAdmin":true},{"Id":420,"GroupId":66,"Group":null,"UserId":12,"User":null,"IsAdmin":true},{"Id":421,"GroupId":66,"Group":null,"UserId":8,"User":null,"IsAdmin":true},{"Id":422,"GroupId":66,"Group":null,"UserId":20,"User":null,"IsAdmin":false},{"Id":423,"GroupId":66,"Group":null,"UserId":25,"User":null,"IsAdmin":false},{"Id":424,"GroupId":66,"Group":null,"UserId":27,"User":null,"IsAdmin":false},{"Id":425,"GroupId":66,"Group":null,"UserId":23,"User":null,"IsAdmin":false},{"Id":411,"GroupId":65,"Group":null,"UserId":15,"User":null,"IsAdmin":false},{"Id":426,"GroupId":66,"Group":null,"UserId":11,"User":null,"IsAdmin":false},{"Id":394,"GroupId":63,"Group":null,"UserId":15,"User":null,"IsAdmin":false},{"Id":392,"GroupId":63,"Group":null,"UserId":10,"User":null,"IsAdmin":false},{"Id":362,"GroupId":61,"Group":null,"UserId":9,"User":null,"IsAdmin":true},{"Id":363,"GroupId":61,"Group":null,"UserId":8,"User":null,"IsAdmin":true},{"Id":364,"GroupId":61,"Group":null,"UserId":17,"User":null,"IsAdmin":false},{"Id":365,"GroupId":61,"Group":null,"UserId":24,"User":null,"IsAdmin":false},{"Id":366,"GroupId":61,"Group":null,"UserId":26,"User":null,"IsAdmin":false},{"Id":367,"GroupId":61,"Group":null,"UserId":22,"User":null,"IsAdmin":false},{"Id":368,"GroupId":61,"Group":null,"UserId":20,"User":null,"IsAdmin":false},{"Id":369,"GroupId":61,"Group":null,"UserId":15,"User":null,"IsAdmin":false},{"Id":370,"GroupId":61,"Group":null,"UserId":14,"User":null,"IsAdmin":false},{"Id":371,"GroupId":61,"Group":null,"UserId":13,"User":null,"IsAdmin":false},{"Id":372,"GroupId":61,"Group":null,"UserId":25,"User":null,"IsAdmin":false},{"Id":373,"GroupId":61,"Group":null,"UserId":19,"User":null,"IsAdmin":false},{"Id":374,"GroupId":61,"Group":null,"UserId":23,"User":null,"IsAdmin":false},{"Id":375,"GroupId":61,"Group":null,"UserId":10,"User":null,"IsAdmin":false},{"Id":393,"GroupId":63,"Group":null,"UserId":25,"User":null,"IsAdmin":false},{"Id":376,"GroupId":62,"Group":null,"UserId":2,"User":null,"IsAdmin":true},{"Id":378,"GroupId":62,"Group":null,"UserId":9,"User":null,"IsAdmin":true},{"Id":379,"GroupId":62,"Group":null,"UserId":8,"User":null,"IsAdmin":true},{"Id":380,"GroupId":62,"Group":null,"UserId":16,"User":null,"IsAdmin":false},{"Id":381,"GroupId":62,"Group":null,"UserId":17,"User":null,"IsAdmin":false},{"Id":382,"GroupId":62,"Group":null,"UserId":25,"User":null,"IsAdmin":false},{"Id":383,"GroupId":62,"Group":null,"UserId":21,"User":null,"IsAdmin":false},{"Id":384,"GroupId":62,"Group":null,"UserId":10,"User":null,"IsAdmin":false},{"Id":385,"GroupId":62,"Group":null,"UserId":24,"User":null,"IsAdmin":false},{"Id":386,"GroupId":62,"Group":null,"UserId":14,"User":null,"IsAdmin":false},{"Id":387,"GroupId":62,"Group":null,"UserId":22,"User":null,"IsAdmin":false},{"Id":388,"GroupId":62,"Group":null,"UserId":15,"User":null,"IsAdmin":false},{"Id":389,"GroupId":62,"Group":null,"UserId":19,"User":null,"IsAdmin":false},{"Id":390,"GroupId":63,"Group":null,"UserId":9,"User":null,"IsAdmin":true},{"Id":391,"GroupId":63,"Group":null,"UserId":13,"User":null,"IsAdmin":false},{"Id":377,"GroupId":62,"Group":null,"UserId":12,"User":null,"IsAdmin":true},{"Id":427,"GroupId":66,"Group":null,"UserId":13,"User":null,"IsAdmin":false},{"Id":428,"GroupId":66,"Group":null,"UserId":21,"User":null,"IsAdmin":false},{"Id":429,"GroupId":66,"Group":null,"UserId":17,"User":null,"IsAdmin":false},{"Id":465,"GroupId":68,"Group":null,"UserId":11,"User":null,"IsAdmin":false},{"Id":466,"GroupId":68,"Group":null,"UserId":16,"User":null,"IsAdmin":false},{"Id":467,"GroupId":68,"Group":null,"UserId":15,"User":null,"IsAdmin":false},{"Id":468,"GroupId":69,"Group":null,"UserId":12,"User":null,"IsAdmin":true},{"Id":469,"GroupId":69,"Group":null,"UserId":10,"User":null,"IsAdmin":false},{"Id":470,"GroupId":69,"Group":null,"UserId":25,"User":null,"IsAdmin":false},{"Id":471,"GroupId":69,"Group":null,"UserId":21,"User":null,"IsAdmin":false},{"Id":472,"GroupId":69,"Group":null,"UserId":23,"User":null,"IsAdmin":false},{"Id":473,"GroupId":69,"Group":null,"UserId":13,"User":null,"IsAdmin":false},{"Id":474,"GroupId":69,"Group":null,"UserId":11,"User":null,"IsAdmin":false},{"Id":475,"GroupId":69,"Group":null,"UserId":26,"User":null,"IsAdmin":false},{"Id":476,"GroupId":69,"Group":null,"UserId":16,"User":null,"IsAdmin":false},{"Id":477,"GroupId":69,"Group":null,"UserId":18,"User":null,"IsAdmin":false},{"Id":478,"GroupId":70,"Group":null,"UserId":8,"User":null,"IsAdmin":true},{"Id":464,"GroupId":68,"Group":null,"UserId":26,"User":null,"IsAdmin":false},{"Id":479,"GroupId":70,"Group":null,"UserId":12,"User":null,"IsAdmin":true},{"Id":481,"GroupId":70,"Group":null,"UserId":16,"User":null,"IsAdmin":false},{"Id":482,"GroupId":70,"Group":null,"UserId":20,"User":null,"IsAdmin":false},{"Id":483,"GroupId":70,"Group":null,"UserId":15,"User":null,"IsAdmin":false},{"Id":484,"GroupId":71,"Group":null,"UserId":2,"User":null,"IsAdmin":true},{"Id":485,"GroupId":71,"Group":null,"UserId":14,"User":null,"IsAdmin":false},{"Id":486,"GroupId":71,"Group":null,"UserId":19,"User":null,"IsAdmin":false},{"Id":487,"GroupId":71,"Group":null,"UserId":25,"User":null,"IsAdmin":false},{"Id":488,"GroupId":71,"Group":null,"UserId":11,"User":null,"IsAdmin":false},{"Id":489,"GroupId":71,"Group":null,"UserId":22,"User":null,"IsAdmin":false},{"Id":490,"GroupId":72,"Group":null,"UserId":8,"User":null,"IsAdmin":true},{"Id":491,"GroupId":72,"Group":null,"UserId":7,"User":null,"IsAdmin":true},{"Id":492,"GroupId":72,"Group":null,"UserId":12,"User":null,"IsAdmin":true},{"Id":493,"GroupId":72,"Group":null,"UserId":9,"User":null,"IsAdmin":true},{"Id":494,"GroupId":72,"Group":null,"UserId":21,"User":null,"IsAdmin":false},{"Id":480,"GroupId":70,"Group":null,"UserId":24,"User":null,"IsAdmin":false},{"Id":463,"GroupId":68,"Group":null,"UserId":13,"User":null,"IsAdmin":false},{"Id":462,"GroupId":68,"Group":null,"UserId":25,"User":null,"IsAdmin":false},{"Id":461,"GroupId":68,"Group":null,"UserId":18,"User":null,"IsAdmin":false},{"Id":430,"GroupId":66,"Group":null,"UserId":14,"User":null,"IsAdmin":false},{"Id":431,"GroupId":66,"Group":null,"UserId":10,"User":null,"IsAdmin":false},{"Id":432,"GroupId":66,"Group":null,"UserId":22,"User":null,"IsAdmin":false},{"Id":433,"GroupId":66,"Group":null,"UserId":15,"User":null,"IsAdmin":false},{"Id":434,"GroupId":66,"Group":null,"UserId":19,"User":null,"IsAdmin":false},{"Id":435,"GroupId":66,"Group":null,"UserId":16,"User":null,"IsAdmin":false},{"Id":436,"GroupId":67,"Group":null,"UserId":7,"User":null,"IsAdmin":true},{"Id":437,"GroupId":67,"Group":null,"UserId":8,"User":null,"IsAdmin":true},{"Id":438,"GroupId":67,"Group":null,"UserId":21,"User":null,"IsAdmin":false},{"Id":439,"GroupId":67,"Group":null,"UserId":14,"User":null,"IsAdmin":false},{"Id":440,"GroupId":67,"Group":null,"UserId":11,"User":null,"IsAdmin":false},{"Id":441,"GroupId":67,"Group":null,"UserId":13,"User":null,"IsAdmin":false},{"Id":442,"GroupId":67,"Group":null,"UserId":20,"User":null,"IsAdmin":false},{"Id":443,"GroupId":67,"Group":null,"UserId":22,"User":null,"IsAdmin":false},{"Id":444,"GroupId":67,"Group":null,"UserId":10,"User":null,"IsAdmin":false},{"Id":445,"GroupId":67,"Group":null,"UserId":17,"User":null,"IsAdmin":false},{"Id":446,"GroupId":67,"Group":null,"UserId":16,"User":null,"IsAdmin":false},{"Id":460,"GroupId":68,"Group":null,"UserId":23,"User":null,"IsAdmin":false},{"Id":459,"GroupId":68,"Group":null,"UserId":14,"User":null,"IsAdmin":false},{"Id":458,"GroupId":68,"Group":null,"UserId":21,"User":null,"IsAdmin":false},{"Id":457,"GroupId":68,"Group":null,"UserId":20,"User":null,"IsAdmin":false},{"Id":456,"GroupId":68,"Group":null,"UserId":22,"User":null,"IsAdmin":false},{"Id":455,"GroupId":68,"Group":null,"UserId":27,"User":null,"IsAdmin":false},{"Id":496,"GroupId":72,"Group":null,"UserId":18,"User":null,"IsAdmin":false},{"Id":454,"GroupId":68,"Group":null,"UserId":19,"User":null,"IsAdmin":false},{"Id":452,"GroupId":68,"Group":null,"UserId":8,"User":null,"IsAdmin":true},{"Id":451,"GroupId":68,"Group":null,"UserId":2,"User":null,"IsAdmin":true},{"Id":450,"GroupId":68,"Group":null,"UserId":7,"User":null,"IsAdmin":true},{"Id":449,"GroupId":67,"Group":null,"UserId":19,"User":null,"IsAdmin":false},{"Id":448,"GroupId":67,"Group":null,"UserId":15,"User":null,"IsAdmin":false},{"Id":447,"GroupId":67,"Group":null,"UserId":24,"User":null,"IsAdmin":false},{"Id":453,"GroupId":68,"Group":null,"UserId":10,"User":null,"IsAdmin":false},{"Id":1180,"GroupId":132,"Group":null,"UserId":13,"User":null,"IsAdmin":false},{"Id":6,"GroupId":6,"Group":null,"UserId":27,"User":null,"IsAdmin":false},{"Id":9,"GroupId":6,"Group":null,"UserId":26,"User":null,"IsAdmin":false},{"Id":10,"GroupId":6,"Group":null,"UserId":2,"User":null,"IsAdmin":true},{"Id":7,"GroupId":4,"Group":null,"UserId":25,"User":null,"IsAdmin":false},{"Id":11,"GroupId":4,"Group":null,"UserId":8,"User":null,"IsAdmin":true},{"Id":15,"GroupId":8,"Group":null,"UserId":27,"User":null,"IsAdmin":false},{"Id":16,"GroupId":8,"Group":null,"UserId":8,"User":null,"IsAdmin":true},{"Id":22,"GroupId":11,"Group":null,"UserId":23,"User":null,"IsAdmin":false},{"Id":23,"GroupId":11,"Group":null,"UserId":12,"User":null,"IsAdmin":true},{"Id":27,"GroupId":12,"Group":null,"UserId":27,"User":null,"IsAdmin":false},{"Id":28,"GroupId":12,"Group":null,"UserId":12,"User":null,"IsAdmin":true},{"Id":37,"GroupId":16,"Group":null,"UserId":26,"User":null,"IsAdmin":false},{"Id":38,"GroupId":16,"Group":null,"UserId":8,"User":null,"IsAdmin":true},{"Id":41,"GroupId":20,"Group":null,"UserId":27,"User":null,"IsAdmin":false},{"Id":42,"GroupId":20,"Group":null,"UserId":23,"User":null,"IsAdmin":false},{"Id":43,"GroupId":20,"Group":null,"UserId":12,"User":null,"IsAdmin":true},{"Id":55,"GroupId":23,"Group":null,"UserId":26,"User":null,"IsAdmin":false},{"Id":56,"GroupId":23,"Group":null,"UserId":12,"User":null,"IsAdmin":true},{"Id":57,"GroupId":24,"Group":null,"UserId":25,"User":null,"IsAdmin":false},{"Id":58,"GroupId":24,"Group":null,"UserId":24,"User":null,"IsAdmin":false},{"Id":59,"GroupId":24,"Group":null,"UserId":2,"User":null,"IsAdmin":true},{"Id":72,"GroupId":30,"Group":null,"UserId":27,"User":null,"IsAdmin":false},{"Id":73,"GroupId":30,"Group":null,"UserId":25,"User":null,"IsAdmin":false},{"Id":74,"GroupId":30,"Group":null,"UserId":9,"User":null,"IsAdmin":true},{"Id":1,"GroupId":2,"Group":null,"UserId":27,"User":null,"IsAdmin":false},{"Id":8,"GroupId":2,"Group":null,"UserId":2,"User":null,"IsAdmin":true},{"Id":17,"GroupId":7,"Group":null,"UserId":23,"User":null,"IsAdmin":false},{"Id":18,"GroupId":7,"Group":null,"UserId":21,"User":null,"IsAdmin":false},{"Id":19,"GroupId":7,"Group":null,"UserId":8,"User":null,"IsAdmin":true},{"Id":70,"GroupId":29,"Group":null,"UserId":27,"User":null,"IsAdmin":false},{"Id":71,"GroupId":29,"Group":null,"UserId":9,"User":null,"IsAdmin":true}]