[{"ReadingTime":"2022-08-09T13:59:55.430918+00:00","IsDeleted":false,"MessageId":1892,"Message":null,"RecipientId":27,"Recipient":null},{"ReadingTime":"2022-08-09T13:59:55.461327+00:00","IsDeleted":false,"MessageId":1907,"Message":null,"RecipientId":27,"Recipient":null},{"ReadingTime":"2022-08-09T13:59:55.461298+00:00","IsDeleted":false,"MessageId":1906,"Message":null,"RecipientId":27,"Recipient":null},{"ReadingTime":"2022-08-09T13:59:55.461259+00:00","IsDeleted":false,"MessageId":1905,"Message":null,"RecipientId":27,"Recipient":null},{"ReadingTime":"2022-08-09T13:59:55.461232+00:00","IsDeleted":false,"MessageId":1904,"Message":null,"RecipientId":27,"Recipient":null},{"ReadingTime":"2022-08-09T13:59:55.461203+00:00","IsDeleted":false,"MessageId":1903,"Message":null,"RecipientId":27,"Recipient":null},{"ReadingTime":"2022-08-09T13:59:55.461159+00:00","IsDeleted":false,"MessageId":1902,"Message":null,"RecipientId":27,"Recipient":null},{"ReadingTime":"2022-08-09T13:59:55.461123+00:00","IsDeleted":false,"MessageId":1901,"Message":null,"RecipientId":27,"Recipient":null},{"ReadingTime":"2022-08-09T13:59:55.461046+00:00","IsDeleted":false,"MessageId":1900,"Message":null,"RecipientId":27,"Recipient":null},{"ReadingTime":"2022-08-09T13:59:55.460914+00:00","IsDeleted":false,"MessageId":1899,"Message":null,"RecipientId":27,"Recipient":null},{"ReadingTime":"2022-08-09T13:59:55.460886+00:00","IsDeleted":false,"MessageId":1898,"Message":null,"RecipientId":27,"Recipient":null},{"ReadingTime":"2022-08-09T13:59:55.460844+00:00","IsDeleted":false,"MessageId":1897,"Message":null,"RecipientId":27,"Recipient":null},{"ReadingTime":"2022-08-09T13:59:55.460815+00:00","IsDeleted":false,"MessageId":1896,"Message":null,"RecipientId":27,"Recipient":null},{"ReadingTime":"2022-08-09T13:59:55.460777+00:00","IsDeleted":false,"MessageId":1895,"Message":null,"RecipientId":27,"Recipient":null},{"ReadingTime":"2022-08-09T13:59:55.460719+00:00","IsDeleted":false,"MessageId":1894,"Message":null,"RecipientId":27,"Recipient":null},{"ReadingTime":"2022-08-09T13:59:55.460514+00:00","IsDeleted":false,"MessageId":1893,"Message":null,"RecipientId":27,"Recipient":null},{"ReadingTime":"2022-08-09T13:59:55.461354+00:00","IsDeleted":false,"MessageId":1908,"Message":null,"RecipientId":27,"Recipient":null},{"ReadingTime":"2022-08-09T13:59:55.461394+00:00","IsDeleted":false,"MessageId":1909,"Message":null,"RecipientId":27,"Recipient":null},{"ReadingTime":"2022-08-29T08:39:36.868516+00:00","IsDeleted":false,"MessageId":2491,"Message":null,"RecipientId":27,"Recipient":null},{"ReadingTime":"2022-08-29T08:39:52.900631+00:00","IsDeleted":false,"MessageId":2492,"Message":null,"RecipientId":27,"Recipient":null},{"ReadingTime":"2022-08-29T08:40:24.900225+00:00","IsDeleted":false,"MessageId":2493,"Message":null,"RecipientId":27,"Recipient":null},{"ReadingTime":"2022-08-29T08:40:48.888437+00:00","IsDeleted":false,"MessageId":2494,"Message":null,"RecipientId":27,"Recipient":null},{"ReadingTime":"2022-08-29T08:41:21.199147+00:00","IsDeleted":false,"MessageId":13,"Message":null,"RecipientId":27,"Recipient":null},{"ReadingTime":"2022-08-29T08:41:21.199215+00:00","IsDeleted":false,"MessageId":14,"Message":null,"RecipientId":27,"Recipient":null},{"ReadingTime":"2022-08-29T08:41:21.199231+00:00","IsDeleted":false,"MessageId":15,"Message":null,"RecipientId":27,"Recipient":null},{"ReadingTime":"2022-08-29T08:41:21.199241+00:00","IsDeleted":false,"MessageId":16,"Message":null,"RecipientId":27,"Recipient":null},{"ReadingTime":"2022-08-29T08:41:21.199253+00:00","IsDeleted":false,"MessageId":17,"Message":null,"RecipientId":27,"Recipient":null},{"ReadingTime":"2022-08-29T08:41:21.199263+00:00","IsDeleted":false,"MessageId":18,"Message":null,"RecipientId":27,"Recipient":null},{"ReadingTime":"2022-08-29T08:41:21.199274+00:00","IsDeleted":false,"MessageId":19,"Message":null,"RecipientId":27,"Recipient":null},{"ReadingTime":"2022-08-29T08:41:21.199284+00:00","IsDeleted":false,"MessageId":20,"Message":null,"RecipientId":27,"Recipient":null},{"ReadingTime":"2022-08-29T08:41:21.1993+00:00","IsDeleted":false,"MessageId":21,"Message":null,"RecipientId":27,"Recipient":null},{"ReadingTime":"2022-08-29T08:41:21.199312+00:00","IsDeleted":false,"MessageId":22,"Message":null,"RecipientId":27,"Recipient":null},{"ReadingTime":"2022-08-29T08:41:21.199324+00:00","IsDeleted":false,"MessageId":23,"Message":null,"RecipientId":27,"Recipient":null},{"ReadingTime":"2022-08-29T08:41:21.199333+00:00","IsDeleted":false,"MessageId":24,"Message":null,"RecipientId":27,"Recipient":null},{"ReadingTime":"2022-08-29T08:41:21.199342+00:00","IsDeleted":false,"MessageId":25,"Message":null,"RecipientId":27,"Recipient":null},{"ReadingTime":"2022-08-29T08:41:21.199352+00:00","IsDeleted":false,"MessageId":26,"Message":null,"RecipientId":27,"Recipient":null},{"ReadingTime":"2022-08-29T08:41:46.137868+00:00","IsDeleted":false,"MessageId":259,"Message":null,"RecipientId":27,"Recipient":null},{"ReadingTime":"2022-08-29T08:41:46.138204+00:00","IsDeleted":false,"MessageId":275,"Message":null,"RecipientId":27,"Recipient":null},{"ReadingTime":"2022-08-29T08:41:46.138194+00:00","IsDeleted":false,"MessageId":274,"Message":null,"RecipientId":27,"Recipient":null},{"ReadingTime":"2022-08-29T08:41:46.138178+00:00","IsDeleted":false,"MessageId":273,"Message":null,"RecipientId":27,"Recipient":null},{"ReadingTime":"2022-08-29T08:41:46.138153+00:00","IsDeleted":false,"MessageId":272,"Message":null,"RecipientId":27,"Recipient":null},{"ReadingTime":"2022-08-29T08:41:46.138145+00:00","IsDeleted":false,"MessageId":271,"Message":null,"RecipientId":27,"Recipient":null},{"ReadingTime":"2022-08-29T08:41:46.138133+00:00","IsDeleted":false,"MessageId":270,"Message":null,"RecipientId":27,"Recipient":null},{"ReadingTime":"2022-08-29T08:41:46.138121+00:00","IsDeleted":false,"MessageId":269,"Message":null,"RecipientId":27,"Recipient":null},{"ReadingTime":"2022-08-29T08:41:46.138234+00:00","IsDeleted":false,"MessageId":276,"Message":null,"RecipientId":27,"Recipient":null},{"ReadingTime":"2022-08-29T08:41:46.138093+00:00","IsDeleted":false,"MessageId":268,"Message":null,"RecipientId":27,"Recipient":null},{"ReadingTime":"2022-08-29T08:41:46.138057+00:00","IsDeleted":false,"MessageId":266,"Message":null,"RecipientId":27,"Recipient":null},{"ReadingTime":"2022-08-29T08:41:46.138046+00:00","IsDeleted":false,"MessageId":265,"Message":null,"RecipientId":27,"Recipient":null},{"ReadingTime":"2022-08-29T08:41:46.138027+00:00","IsDeleted":false,"MessageId":264,"Message":null,"RecipientId":27,"Recipient":null},{"ReadingTime":"2022-08-29T08:41:46.138019+00:00","IsDeleted":false,"MessageId":263,"Message":null,"RecipientId":27,"Recipient":null},{"ReadingTime":"2022-08-29T08:41:46.138008+00:00","IsDeleted":false,"MessageId":262,"Message":null,"RecipientId":27,"Recipient":null},{"ReadingTime":"2022-08-29T08:41:46.137999+00:00","IsDeleted":false,"MessageId":261,"Message":null,"RecipientId":27,"Recipient":null},{"ReadingTime":"2022-08-29T08:41:46.137985+00:00","IsDeleted":false,"MessageId":260,"Message":null,"RecipientId":27,"Recipient":null},{"ReadingTime":"2022-08-29T08:41:46.138084+00:00","IsDeleted":false,"MessageId":267,"Message":null,"RecipientId":27,"Recipient":null},{"ReadingTime":"2022-08-29T08:41:46.138244+00:00","IsDeleted":false,"MessageId":277,"Message":null,"RecipientId":27,"Recipient":null},{"ReadingTime":"2022-08-29T08:52:13.073744+00:00","IsDeleted":false,"MessageId":1892,"Message":null,"RecipientId":9,"Recipient":null},{"ReadingTime":"2022-08-29T08:52:13.073984+00:00","IsDeleted":false,"MessageId":2492,"Message":null,"RecipientId":9,"Recipient":null},{"ReadingTime":"2022-08-29T08:52:13.073976+00:00","IsDeleted":false,"MessageId":2491,"Message":null,"RecipientId":9,"Recipient":null},{"ReadingTime":"2022-08-29T08:52:13.073968+00:00","IsDeleted":false,"MessageId":1909,"Message":null,"RecipientId":9,"Recipient":null},{"ReadingTime":"2022-08-29T08:52:13.07396+00:00","IsDeleted":false,"MessageId":1908,"Message":null,"RecipientId":9,"Recipient":null},{"ReadingTime":"2022-08-29T08:52:13.073953+00:00","IsDeleted":false,"MessageId":1907,"Message":null,"RecipientId":9,"Recipient":null},{"ReadingTime":"2022-08-29T08:52:13.073945+00:00","IsDeleted":false,"MessageId":1906,"Message":null,"RecipientId":9,"Recipient":null},{"ReadingTime":"2022-08-29T08:52:13.073938+00:00","IsDeleted":false,"MessageId":1905,"Message":null,"RecipientId":9,"Recipient":null},{"ReadingTime":"2022-08-29T08:52:13.073931+00:00","IsDeleted":false,"MessageId":1904,"Message":null,"RecipientId":9,"Recipient":null},{"ReadingTime":"2022-08-29T08:52:13.073923+00:00","IsDeleted":false,"MessageId":1903,"Message":null,"RecipientId":9,"Recipient":null},{"ReadingTime":"2022-08-29T08:52:13.073915+00:00","IsDeleted":false,"MessageId":1902,"Message":null,"RecipientId":9,"Recipient":null},{"ReadingTime":"2022-08-29T08:52:13.073887+00:00","IsDeleted":false,"MessageId":1901,"Message":null,"RecipientId":9,"Recipient":null},{"ReadingTime":"2022-08-29T08:52:13.073879+00:00","IsDeleted":false,"MessageId":1900,"Message":null,"RecipientId":9,"Recipient":null},{"ReadingTime":"2022-08-29T08:52:13.073872+00:00","IsDeleted":false,"MessageId":1899,"Message":null,"RecipientId":9,"Recipient":null},{"ReadingTime":"2022-08-29T08:52:13.073865+00:00","IsDeleted":false,"MessageId":1898,"Message":null,"RecipientId":9,"Recipient":null},{"ReadingTime":"2022-08-29T08:52:13.073857+00:00","IsDeleted":false,"MessageId":1897,"Message":null,"RecipientId":9,"Recipient":null},{"ReadingTime":"2022-08-29T08:52:13.07385+00:00","IsDeleted":false,"MessageId":1896,"Message":null,"RecipientId":9,"Recipient":null},{"ReadingTime":"2022-08-29T08:52:13.073841+00:00","IsDeleted":false,"MessageId":1895,"Message":null,"RecipientId":9,"Recipient":null},{"ReadingTime":"2022-08-29T08:52:13.073834+00:00","IsDeleted":false,"MessageId":1894,"Message":null,"RecipientId":9,"Recipient":null},{"ReadingTime":"2022-08-29T08:52:13.073824+00:00","IsDeleted":false,"MessageId":1893,"Message":null,"RecipientId":9,"Recipient":null},{"ReadingTime":"2022-08-29T08:52:13.073996+00:00","IsDeleted":false,"MessageId":2493,"Message":null,"RecipientId":9,"Recipient":null},{"ReadingTime":"2022-08-29T08:52:13.074005+00:00","IsDeleted":false,"MessageId":2494,"Message":null,"RecipientId":9,"Recipient":null}]