[{"Id":1,"Content":"gRIi1u3QsJzitMBKvGDoa8LBC9n2lv7QAubzu,MboUFmibmAISPt","SenderId":16,"Sender":null,"RecipientId":7,"Recipient":null},{"Id":25,"Content":"bRwAHoR","SenderId":10,"Sender":null,"RecipientId":12,"Recipient":null},{"Id":26,"Content":"Zh8dgdEN6LUpB2cpN","SenderId":10,"Sender":null,"RecipientId":9,"Recipient":null},{"Id":27,"Content":"oCe2hq9.mwIx1SAU5aFU0HGF!bXq65Wy9SFQIRBbEeRICFwO!Ca1k8OpntL72uHVQAaJ84RkBEckT5rG","SenderId":10,"Sender":null,"RecipientId":8,"Recipient":null},{"Id":28,"Content":"reIhrE8uIFs1sQjVrYaY!zjqsW0mIHClA!FMWIYQq.1BrRpxYNfEhCIsV6E.XCheEcYjeWj7zhNm62r3irFPoow,Gz0WCa9N","SenderId":14,"Sender":null,"RecipientId":2,"Recipient":null},{"Id":29,"Content":"O.lT3CkP0dX3","SenderId":14,"Sender":null,"RecipientId":7,"Recipient":null},{"Id":30,"Content":"mIuWaVccbOHwZp7kf2YaNKGGJqyyvTxaih,eoTTfIx3","SenderId":14,"Sender":null,"RecipientId":9,"Recipient":null},{"Id":31,"Content":"qL5pNzvV4Cezic,sd.gv77RtPoATb5u.","SenderId":11,"Sender":null,"RecipientId":8,"Recipient":null},{"Id":32,"Content":"Emb","SenderId":19,"Sender":null,"RecipientId":8,"Recipient":null},{"Id":33,"Content":"vjhS,9pipTTKZCurdZWqKAf.OULeHJ9QxSlXqBDg2Y7zNAhWcKYi1DUv7XTxaQsjxRINgBjNkQNnhfs!EjL8mKkURo2k","SenderId":19,"Sender":null,"RecipientId":2,"Recipient":null},{"Id":34,"Content":"ZOAgz13ViCpLmefAepYf58rvA5IBoh258jjcWBhsbVzq7sIvdCY3uvden.a5hMO,OSlZEUvJplo6In6UmWvUX","SenderId":21,"Sender":null,"RecipientId":12,"Recipient":null},{"Id":35,"Content":"OY1Km","SenderId":25,"Sender":null,"RecipientId":7,"Recipient":null},{"Id":36,"Content":"MvD9wOWyvNd2hGpbGPN,luLNiwZ.0,!CCdtvLsLIsFvzn9OTRye2ES7hFNzxtE","SenderId":15,"Sender":null,"RecipientId":8,"Recipient":null},{"Id":37,"Content":"e5AvBUAJX.F!dCobCA3Zq9U9P5WIi3jCwsJxRIT8lm8ywqSH19Pdk!bMX78EEez0TrAh5EDIea!Ai,1Q,vghXJx","SenderId":15,"Sender":null,"RecipientId":2,"Recipient":null},{"Id":38,"Content":"u6KULWrLw4jJg26g1d1X25avr3WfVXnVGKwsLqAa!SunoKVgatnBHfOWbgt!8wHKR2yHW.sTkHe8vXXYXjG9","SenderId":15,"Sender":null,"RecipientId":9,"Recipient":null},{"Id":39,"Content":"PpZb4ToftEieq3mwKKCLqeShY6ceTaN,3n.!W!qLqv44u1zDvQl7ifGWn97ACpx","SenderId":20,"Sender":null,"RecipientId":9,"Recipient":null},{"Id":40,"Content":"KG9QTgJyFsa12RFykkXbat","SenderId":23,"Sender":null,"RecipientId":9,"Recipient":null},{"Id":41,"Content":"F","SenderId":23,"Sender":null,"RecipientId":12,"Recipient":null},{"Id":42,"Content":"NrlTlAX","SenderId":23,"Sender":null,"RecipientId":2,"Recipient":null},{"Id":43,"Content":"YmO98aaGfn2hE06PpTlwauzPWivGexflA!4u,bFU,ZAHJC4bGa5Bi46KF1KyPrCDl,D.37,8anx8sySK6UzJ","SenderId":23,"Sender":null,"RecipientId":7,"Recipient":null},{"Id":24,"Content":"UjLhPJJuh!jZP,7b1cjtnhmSPWOZu8MF9KapEj48OmEug.IR00ynscp94N!raJTBFnD!lGl8","SenderId":22,"Sender":null,"RecipientId":9,"Recipient":null},{"Id":44,"Content":"eQ3bmycjClUk3B8eWPv7SJ","SenderId":26,"Sender":null,"RecipientId":7,"Recipient":null},{"Id":23,"Content":"9RQYgmjYMqIsON!OvWDkWs5LmYiTSixcthlktXY9U56FqEqOepTITkEUz!bxPfAWWhTcGj5pdAPXX4HKEJq4VI,3.5Y","SenderId":22,"Sender":null,"RecipientId":8,"Recipient":null},{"Id":21,"Content":"VYPGf.M,9y,GlHnYU3TzpyGYAS.lU,Pb!L2YFQPvGnQgeBYuX9zCaXXQ,A1jnBuYr65","SenderId":22,"Sender":null,"RecipientId":7,"Recipient":null},{"Id":2,"Content":"CW0.ci92NeMze,vwzXf1s3BDl1Qokjrg5jiGsPlv.DhhgKawR3NslXgBY!HBQ7hB!fTtpNd4zwx2RkFoThbXi01Vjm","SenderId":16,"Sender":null,"RecipientId":9,"Recipient":null},{"Id":3,"Content":"XSsEopDTj8aPayESC,8D0tM7.P9fWPmv.q,247q2cdrG4Map23VgQUnpmEaui1bq2gFEHgQRbu6fe3","SenderId":18,"Sender":null,"RecipientId":12,"Recipient":null},{"Id":4,"Content":"x5YBPObGdt2xIqDG0Fb2QyY.TLDVFsCflLpPNsqgghR80.UTe77yfzh8,mEjhpC8tCOxR","SenderId":18,"Sender":null,"RecipientId":2,"Recipient":null},{"Id":5,"Content":"VldeEBmzeQCKvcXyZvt6gkVJGBMAPYl,,n2eWfbdXnPxacfGQcq6qSru!fsJwii!LP0Py3LRjHZ14mz8QTp3i7yfBmuuQk","SenderId":24,"Sender":null,"RecipientId":2,"Recipient":null},{"Id":6,"Content":"UP!98vEvya","SenderId":24,"Sender":null,"RecipientId":8,"Recipient":null},{"Id":7,"Content":"w9LLB.3DWSYI5yX.fZFTa11ZGVEY.C2ALPuYkNpa5i7Ci8xKcNeXQcmrENDP.u4pwiDoYR3llhK","SenderId":24,"Sender":null,"RecipientId":12,"Recipient":null},{"Id":8,"Content":"cdEcw","SenderId":24,"Sender":null,"RecipientId":9,"Recipient":null},{"Id":9,"Content":"H9r,SR52wvaFQ4rRjTRVJ8w.954tkC7Rq","SenderId":27,"Sender":null,"RecipientId":9,"Recipient":null},{"Id":10,"Content":"f6kZN6kitJQkCMcBoM2mn9LiaAEusEDOwlr2Pur3mtAc9Tb9NC","SenderId":27,"Sender":null,"RecipientId":7,"Recipient":null},{"Id":11,"Content":"BY1nkF5OKo0SWJ5IM6F24WUfVOKNlrzCpoGFT1GhRK7u61VdUjOGj","SenderId":27,"Sender":null,"RecipientId":12,"Recipient":null},{"Id":12,"Content":"QM.X,Fedgsm3MEzHEFzQMBjV8C84bpS1XjZvEHow,TqQejCiu9dTAzDM4","SenderId":27,"Sender":null,"RecipientId":8,"Recipient":null},{"Id":13,"Content":"oq3Gt7qHQ","SenderId":13,"Sender":null,"RecipientId":2,"Recipient":null},{"Id":14,"Content":"4,MiqSveN96OxrokvutEtkdK!jl0nuPDuLxVQYfO05","SenderId":13,"Sender":null,"RecipientId":12,"Recipient":null},{"Id":15,"Content":"n!sj!0VpGruLoHaC4S9eBKcunsbEd045mWVsfSnOw,sqVIUKSQl77su7UEJE8CW.fMh!7QFITBNjvb3ASS.9Li0Mh","SenderId":13,"Sender":null,"RecipientId":9,"Recipient":null},{"Id":16,"Content":"up1SKAU9.FEzK5eKf!gcrybYEBOmmtZhSgKb0d0RCETNwik6Hjr6ap,b3Qi4RJ70yfTFJ!frzBfbxLtHAZlkIz1KHV","SenderId":13,"Sender":null,"RecipientId":8,"Recipient":null},{"Id":17,"Content":"jWIQ4YL0KccO0vZXwODVGYeh6XVmSJNIIdugUs4GEAdh.hMJ4bPDhjqOytvryVsOr4DKUDsgJS!QTwS","SenderId":17,"Sender":null,"RecipientId":9,"Recipient":null},{"Id":18,"Content":"rSoP.9OBlSys37RoXJGnl0,u!iTUbue3HrNc24BVEyQIE2kcZ6sZd1G8q059lXsY7EOBZAZJssg05wVpOgVxvl!faaVxyAt","SenderId":17,"Sender":null,"RecipientId":12,"Recipient":null},{"Id":19,"Content":"iJC9yLmLSxb25Ofl","SenderId":17,"Sender":null,"RecipientId":8,"Recipient":null},{"Id":20,"Content":"Wwy1Io1CFdd2R25wp3!Ud6y2bPL8!GowWEQbnc8vZ62U3.bl1MoRF4!sHwkwU0l5hElHI","SenderId":17,"Sender":null,"RecipientId":2,"Recipient":null},{"Id":22,"Content":"KnS4eKxbB5ZaxjUzM2zRywLjbacYOjeZotxJfVD9a4m3wXP172Dg3h2412lrOpIr1GsUo.bVL,J3G","SenderId":22,"Sender":null,"RecipientId":2,"Recipient":null},{"Id":45,"Content":"!c5JOF.uvg5BVVLepAqch3zfQLcnvMJ7oRX","SenderId":26,"Sender":null,"RecipientId":2,"Recipient":null}]