[{"Id":7,"RegnewId":"REGNEWID10","Email":"j@std.psut.edu.jo","Name":"Huda Zeer","Role":2,"IsInstructor":true,"IsStudent":false,"IsAdmin":false,"Token":null,"Conversations":null,"SentPings":null,"ReceivedPings":null,"EncryptionSalt":"BwAAAIRMFSw=","FileName":"7.jpg"},{"Id":16,"RegnewId":"REGNEWID16","Email":"p@std.psut.edu.jo","Name":"Tuqa Abu-Rumman","Role":1,"IsInstructor":false,"IsStudent":true,"IsAdmin":false,"Token":null,"Conversations":null,"SentPings":null,"ReceivedPings":null,"EncryptionSalt":"EAAAAF89egk=","FileName":"16.jpg"},{"Id":1,"RegnewId":"REGNEWID1","Email":"a@std.psut.edu.jo","Name":"Tuqa Arabiat","Role":4,"IsInstructor":false,"IsStudent":false,"IsAdmin":true,"Token":"1:637973601477885279","Conversations":null,"SentPings":null,"ReceivedPings":null,"EncryptionSalt":"AQAAAAiEYwA=","FileName":"1.jpg"},{"Id":4,"RegnewId":"REGNEWID3","Email":"c@std.psut.edu.jo","Name":"Abdallah Zeer","Role":4,"IsInstructor":false,"IsStudent":false,"IsAdmin":true,"Token":null,"Conversations":null,"SentPings":null,"ReceivedPings":null,"EncryptionSalt":"BAAAAJtpb1c=","FileName":"4.jpg"},{"Id":18,"RegnewId":"REGNEWID18","Email":"r@std.psut.edu.jo","Name":"Tuqa Zeer","Role":1,"IsInstructor":false,"IsStudent":true,"IsAdmin":false,"Token":null,"Conversations":null,"SentPings":null,"ReceivedPings":null,"EncryptionSalt":"EgAAAC2/NQU=","FileName":"18.jpg"},{"Id":24,"RegnewId":"REGNEWID24","Email":"x@std.psut.edu.jo","Name":"Huda Allan","Role":1,"IsInstructor":false,"IsStudent":true,"IsAdmin":false,"Token":null,"Conversations":null,"SentPings":null,"ReceivedPings":null,"EncryptionSalt":"GAAAANvgomg=","FileName":"24.jpg"},{"Id":9,"RegnewId":"REGNEWID7","Email":"g@std.psut.edu.jo","Name":"Huda Al-Mansour","Role":2,"IsInstructor":true,"IsStudent":false,"IsAdmin":false,"Token":null,"Conversations":null,"SentPings":null,"ReceivedPings":null,"EncryptionSalt":"CQAAAByy1X0=","FileName":"9.jpg"},{"Id":27,"RegnewId":"ahm","Email":"ahm@std.psut.edu.jo","Name":"Ahmad Al-Sarraj","Role":1,"IsInstructor":false,"IsStudent":true,"IsAdmin":false,"Token":null,"Conversations":null,"SentPings":null,"ReceivedPings":null,"EncryptionSalt":"GwAAAPIazhI=","FileName":"27.jpg"},{"Id":5,"RegnewId":"REGNEWID2","Email":"b@std.psut.edu.jo","Name":"Jannah Faroun","Role":4,"IsInstructor":false,"IsStudent":false,"IsAdmin":true,"Token":null,"Conversations":null,"SentPings":null,"ReceivedPings":null,"EncryptionSalt":"BQAAAFClbDo=","FileName":"5.jpg"},{"Id":8,"RegnewId":"REGNEWID9","Email":"i@std.psut.edu.jo","Name":"Aya Allan","Role":2,"IsInstructor":true,"IsStudent":false,"IsAdmin":false,"Token":null,"Conversations":null,"SentPings":null,"ReceivedPings":null,"EncryptionSalt":"CAAAANJTDAc=","FileName":"8.jpg"},{"Id":13,"RegnewId":"REGNEWID13","Email":"m@std.psut.edu.jo","Name":"Al-Bara Faroun","Role":1,"IsInstructor":false,"IsStudent":true,"IsAdmin":false,"Token":null,"Conversations":null,"SentPings":null,"ReceivedPings":null,"EncryptionSalt":"DQAAAP4iqio=","FileName":"13.jpg"},{"Id":17,"RegnewId":"REGNEWID17","Email":"q@std.psut.edu.jo","Name":"Mohammad Faroun","Role":1,"IsInstructor":false,"IsStudent":true,"IsAdmin":false,"Token":null,"Conversations":null,"SentPings":null,"ReceivedPings":null,"EncryptionSalt":"EQAAAMvAA28=","FileName":"17.jpg"},{"Id":22,"RegnewId":"REGNEWID22","Email":"v@std.psut.edu.jo","Name":"Deema Shreim","Role":1,"IsInstructor":false,"IsStudent":true,"IsAdmin":false,"Token":null,"Conversations":null,"SentPings":null,"ReceivedPings":null,"EncryptionSalt":"FgAAAHoR9Cs=","FileName":"22.jpg"},{"Id":6,"RegnewId":"REGNEWID4","Email":"d@std.psut.edu.jo","Name":"Tuqa Shreim","Role":4,"IsInstructor":false,"IsStudent":false,"IsAdmin":true,"Token":null,"Conversations":null,"SentPings":null,"ReceivedPings":null,"EncryptionSalt":"BgAAAEBFIRo=","FileName":"6.jpg"},{"Id":10,"RegnewId":"REGNEWID11","Email":"k@std.psut.edu.jo","Name":"Issra Barqawi","Role":1,"IsInstructor":false,"IsStudent":true,"IsAdmin":false,"Token":null,"Conversations":null,"SentPings":null,"ReceivedPings":null,"EncryptionSalt":"CgAAAACJHTk=","FileName":"10.jpg"},{"Id":14,"RegnewId":"REGNEWID14","Email":"n@std.psut.edu.jo","Name":"Abdallah Odeh","Role":1,"IsInstructor":false,"IsStudent":true,"IsAdmin":false,"Token":null,"Conversations":null,"SentPings":null,"ReceivedPings":null,"EncryptionSalt":"DgAAAMYEv14=","FileName":"14.jpg"},{"Id":3,"RegnewId":"REGNEWID5","Email":"e@std.psut.edu.jo","Name":"Mohammad Barqawi","Role":4,"IsInstructor":false,"IsStudent":false,"IsAdmin":true,"Token":null,"Conversations":null,"SentPings":null,"ReceivedPings":null,"EncryptionSalt":"AwAAADi5RSc=","FileName":"3.jpg"},{"Id":11,"RegnewId":"REGNEWID12","Email":"l@std.psut.edu.jo","Name":"Jannah Zeer","Role":1,"IsInstructor":false,"IsStudent":true,"IsAdmin":false,"Token":null,"Conversations":null,"SentPings":null,"ReceivedPings":null,"EncryptionSalt":"CwAAABOslD8=","FileName":"11.jpg"},{"Id":19,"RegnewId":"REGNEWID19","Email":"s@std.psut.edu.jo","Name":"Malik Faroun","Role":1,"IsInstructor":false,"IsStudent":true,"IsAdmin":false,"Token":null,"Conversations":null,"SentPings":null,"ReceivedPings":null,"EncryptionSalt":"EwAAANRh0lw=","FileName":"19.jpg"},{"Id":21,"RegnewId":"REGNEWID21","Email":"u@std.psut.edu.jo","Name":"Issra Barqawi","Role":1,"IsInstructor":false,"IsStudent":true,"IsAdmin":false,"Token":null,"Conversations":null,"SentPings":null,"ReceivedPings":null,"EncryptionSalt":"FQAAALOS8kM=","FileName":"21.jpg"},{"Id":25,"RegnewId":"REGNEWID25","Email":"y@std.psut.edu.jo","Name":"Al-Bara Faroun","Role":1,"IsInstructor":false,"IsStudent":true,"IsAdmin":false,"Token":null,"Conversations":null,"SentPings":null,"ReceivedPings":null,"EncryptionSalt":"GQAAADJZfVM=","FileName":"25.jpg"},{"Id":2,"RegnewId":"REGNEWID6","Email":"f@std.psut.edu.jo","Name":"Jannah Azaizeh","Role":2,"IsInstructor":true,"IsStudent":false,"IsAdmin":false,"Token":null,"Conversations":null,"SentPings":null,"ReceivedPings":null,"EncryptionSalt":"AgAAAK0xJkg=","FileName":"2.jpg"},{"Id":12,"RegnewId":"REGNEWID8","Email":"h@std.psut.edu.jo","Name":"Hashim Odeh","Role":2,"IsInstructor":true,"IsStudent":false,"IsAdmin":false,"Token":null,"Conversations":null,"SentPings":null,"ReceivedPings":null,"EncryptionSalt":"DAAAAF9g/Sk=","FileName":"12.jpg"},{"Id":15,"RegnewId":"REGNEWID15","Email":"o@std.psut.edu.jo","Name":"Basel Abu-Rumman","Role":1,"IsInstructor":false,"IsStudent":true,"IsAdmin":false,"Token":null,"Conversations":null,"SentPings":null,"ReceivedPings":null,"EncryptionSalt":"DwAAAJRTYFg=","FileName":"15.jpg"},{"Id":20,"RegnewId":"REGNEWID20","Email":"t@std.psut.edu.jo","Name":"Abdallah Al-Omari","Role":1,"IsInstructor":false,"IsStudent":true,"IsAdmin":false,"Token":null,"Conversations":null,"SentPings":null,"ReceivedPings":null,"EncryptionSalt":"FAAAAPBilgM=","FileName":"20.jpg"},{"Id":23,"RegnewId":"REGNEWID23","Email":"w@std.psut.edu.jo","Name":"Shatha Barqawi","Role":1,"IsInstructor":false,"IsStudent":true,"IsAdmin":false,"Token":null,"Conversations":null,"SentPings":null,"ReceivedPings":null,"EncryptionSalt":"FwAAAKCgfGE=","FileName":"23.jpg"},{"Id":26,"RegnewId":"REGNEWID26","Email":"z@std.psut.edu.jo","Name":"Deema Shreim","Role":1,"IsInstructor":false,"IsStudent":true,"IsAdmin":false,"Token":null,"Conversations":null,"SentPings":null,"ReceivedPings":null,"EncryptionSalt":"GgAAAOILJj8=","FileName":"26.jpg"}]