[{"Id":1,"Name":"Structured ProgrammingLab","RegnewId":"REGNEWID6","Sections":null},{"Id":13,"Name":"Digital Logic Design","RegnewId":"REGNEWID13","Sections":null},{"Id":22,"Name":"Sports and Health","RegnewId":"REGNEWID22","Sections":null},{"Id":25,"Name":"Entrepreneurship for Business","RegnewId":"REGNEWID25","Sections":null},{"Id":27,"Name":"Business Skills","RegnewId":"REGNEWID27","Sections":null},{"Id":3,"Name":"Arabic Language","RegnewId":"REGNEWID1","Sections":null},{"Id":8,"Name":"Theory of Computation","RegnewId":"REGNEWID9","Sections":null},{"Id":9,"Name":"Calculus (1)","RegnewId":"REGNEWID7","Sections":null},{"Id":10,"Name":"Database Systems","RegnewId":"REGNEWID10","Sections":null},{"Id":12,"Name":"Graduation Project 2","RegnewId":"REGNEWID12","Sections":null},{"Id":23,"Name":"Arabic Literature","RegnewId":"REGNEWID23","Sections":null},{"Id":5,"Name":"Introduction to Computer Science","RegnewId":"REGNEWID4","Sections":null},{"Id":16,"Name":"Computer Graphics","RegnewId":"REGNEWID16","Sections":null},{"Id":19,"Name":"Multimedia Systems","RegnewId":"REGNEWID19","Sections":null},{"Id":4,"Name":"National Education","RegnewId":"REGNEWID2","Sections":null},{"Id":7,"Name":"Calculus (2)","RegnewId":"REGNEWID8","Sections":null},{"Id":14,"Name":"Graduation Project 1","RegnewId":"REGNEWID14","Sections":null},{"Id":17,"Name":"Operations Research","RegnewId":"REGNEWID17","Sections":null},{"Id":18,"Name":"Mobile Application Development","RegnewId":"REGNEWID18","Sections":null},{"Id":24,"Name":"Foreign languages","RegnewId":"REGNEWID24","Sections":null},{"Id":6,"Name":"Structured Programming","RegnewId":"REGNEWID5","Sections":null},{"Id":11,"Name":"Software Engineering","RegnewId":"REGNEWID11","Sections":null},{"Id":15,"Name":"Wireless Networks and Applications","RegnewId":"REGNEWID15","Sections":null},{"Id":26,"Name":"Scientific Research Methods","RegnewId":"REGNEWID26","Sections":null},{"Id":2,"Name":"Military Science","RegnewId":"REGNEWID3","Sections":null},{"Id":20,"Name":"History of Science","RegnewId":"REGNEWID20","Sections":null},{"Id":21,"Name":"Arab Islamic Scientific Heritage","RegnewId":"REGNEWID21","Sections":null}]