[{"Id":4,"Name":"Military Science - REGNEWID3","Conversation":null,"Section":null,"Members":null,"EncryptionSalt":"PB9LIgQAAAA=","FileName":"4.jpg"},{"Id":5,"Name":"Structured ProgrammingLab - REGNEWID8","Conversation":null,"Section":null,"Members":null,"EncryptionSalt":"H9cRHgUAAAA=","FileName":"5.jpg"},{"Id":1,"Name":"Introduction to Computer Science - REGNEWID5","Conversation":null,"Section":null,"Members":null,"EncryptionSalt":"YH7fXAEAAAA=","FileName":"1.jpg"},{"Id":6,"Name":"Structured Programming - REGNEWID7","Conversation":null,"Section":null,"Members":null,"EncryptionSalt":"Xul0egYAAAA=","FileName":"6.jpg"},{"Id":8,"Name":"Calculus (2) - REGNEWID10","Conversation":null,"Section":null,"Members":null,"EncryptionSalt":"Xt2iAwgAAAA=","FileName":"8.jpg"},{"Id":9,"Name":"Theory of Computation - REGNEWID12","Conversation":null,"Section":null,"Members":null,"EncryptionSalt":"baZpFAkAAAA=","FileName":"9.jpg"},{"Id":12,"Name":"Calculus (1) - REGNEWID9","Conversation":null,"Section":null,"Members":null,"EncryptionSalt":"bebUZgwAAAA=","FileName":"12.jpg"},{"Id":13,"Name":"Calculus (2) - REGNEWID11","Conversation":null,"Section":null,"Members":null,"EncryptionSalt":"uqVWLQ0AAAA=","FileName":"13.jpg"},{"Id":14,"Name":"Theory of Computation - REGNEWID13","Conversation":null,"Section":null,"Members":null,"EncryptionSalt":"YbGreA4AAAA=","FileName":"14.jpg"},{"Id":15,"Name":"Database Systems - REGNEWID14","Conversation":null,"Section":null,"Members":null,"EncryptionSalt":"kfLjTA8AAAA=","FileName":"15.jpg"},{"Id":22,"Name":"Mobile Application Development - REGNEWID24","Conversation":null,"Section":null,"Members":null,"EncryptionSalt":"nBb8fBYAAAA=","FileName":"22.jpg"},{"Id":23,"Name":"Operations Research - REGNEWID22","Conversation":null,"Section":null,"Members":null,"EncryptionSalt":"QwuORBcAAAA=","FileName":"23.jpg"},{"Id":25,"Name":"Multimedia Systems - REGNEWID25","Conversation":null,"Section":null,"Members":null,"EncryptionSalt":"Sfe7exkAAAA=","FileName":"25.jpg"},{"Id":27,"Name":"Arab Islamic Scientific Heritage - REGNEWID27","Conversation":null,"Section":null,"Members":null,"EncryptionSalt":"iWHtMRsAAAA=","FileName":"27.jpg"},{"Id":3,"Name":"Arabic Language - REGNEWID0","Conversation":null,"Section":null,"Members":null,"EncryptionSalt":"zebHdAMAAAA=","FileName":"3.jpg"},{"Id":16,"Name":"Software Engineering - REGNEWID15","Conversation":null,"Section":null,"Members":null,"EncryptionSalt":"yyCYKxAAAAA=","FileName":"16.jpg"},{"Id":7,"Name":"Arabic Language - REGNEWID1","Conversation":null,"Section":null,"Members":null,"EncryptionSalt":"+7zhVAcAAAA=","FileName":"7.jpg"},{"Id":28,"Name":"Operations Research - REGNEWID23","Conversation":null,"Section":null,"Members":null,"EncryptionSalt":"+7v2bRwAAAA=","FileName":"28.jpg"},{"Id":10,"Name":"Introduction to Computer Science - REGNEWID6","Conversation":null,"Section":null,"Members":null,"EncryptionSalt":"KIdAUAoAAAA=","FileName":"10.jpg"},{"Id":19,"Name":"Digital Logic Design - REGNEWID17","Conversation":null,"Section":null,"Members":null,"EncryptionSalt":"k2vsChMAAAA=","FileName":"19.jpg"},{"Id":24,"Name":"Graduation Project 1 - REGNEWID19","Conversation":null,"Section":null,"Members":null,"EncryptionSalt":"gsWYOhgAAAA=","FileName":"24.jpg"},{"Id":32,"Name":"Entrepreneurship for Business - REGNEWID31","Conversation":null,"Section":null,"Members":null,"EncryptionSalt":"NjeLXyAAAAA=","FileName":"32.jpg"},{"Id":11,"Name":"Military Science - REGNEWID4","Conversation":null,"Section":null,"Members":null,"EncryptionSalt":"u5A0fwsAAAA=","FileName":"11.jpg"},{"Id":17,"Name":"Graduation Project 2 - REGNEWID16","Conversation":null,"Section":null,"Members":null,"EncryptionSalt":"H9W/OxEAAAA=","FileName":"17.jpg"},{"Id":18,"Name":"Graduation Project 1 - REGNEWID18","Conversation":null,"Section":null,"Members":null,"EncryptionSalt":"SNSoJhIAAAA=","FileName":"18.jpg"},{"Id":34,"Name":"Business Skills - REGNEWID34","Conversation":null,"Section":null,"Members":null,"EncryptionSalt":"bngXTiIAAAA=","FileName":"34.jpg"},{"Id":21,"Name":"Computer Graphics - REGNEWID21","Conversation":null,"Section":null,"Members":null,"EncryptionSalt":"2nLwaRUAAAA=","FileName":"21.jpg"},{"Id":26,"Name":"History of Science - REGNEWID26","Conversation":null,"Section":null,"Members":null,"EncryptionSalt":"d51xDxoAAAA=","FileName":"26.jpg"},{"Id":29,"Name":"Sports and Health - REGNEWID28","Conversation":null,"Section":null,"Members":null,"EncryptionSalt":"cp3HSx0AAAA=","FileName":"29.jpg"},{"Id":31,"Name":"Foreign languages - REGNEWID30","Conversation":null,"Section":null,"Members":null,"EncryptionSalt":"snBGJR8AAAA=","FileName":"31.jpg"},{"Id":33,"Name":"Scientific Research Methods - REGNEWID33","Conversation":null,"Section":null,"Members":null,"EncryptionSalt":"xZP8JiEAAAA=","FileName":"33.jpg"},{"Id":80,"Name":"Group 80 q8rxtsj","Conversation":null,"Section":null,"Members":null,"EncryptionSalt":"AT7YO1AAAAA=","FileName":"80.jpg"},{"Id":105,"Name":"Group 105 1s9HbZK91","Conversation":null,"Section":null,"Members":null,"EncryptionSalt":"hLmHImkAAAA=","FileName":"105.jpg"},{"Id":104,"Name":"Group 104 U0TU53Ek","Conversation":null,"Section":null,"Members":null,"EncryptionSalt":"PlwtYGgAAAA=","FileName":"104.jpg"},{"Id":103,"Name":"Group 103 ksDX4","Conversation":null,"Section":null,"Members":null,"EncryptionSalt":"HDHkS2cAAAA=","FileName":"103.jpg"},{"Id":102,"Name":"Group 102 7dxn2xY","Conversation":null,"Section":null,"Members":null,"EncryptionSalt":"DsFQRmYAAAA=","FileName":"102.jpg"},{"Id":101,"Name":"Group 101 Tp.sV","Conversation":null,"Section":null,"Members":null,"EncryptionSalt":"zNNfEmUAAAA=","FileName":"101.jpg"},{"Id":100,"Name":"Group 100 w8Gk3JM","Conversation":null,"Section":null,"Members":null,"EncryptionSalt":"vkZmZGQAAAA=","FileName":"100.jpg"},{"Id":99,"Name":"Group 99 K2RQtdEN","Conversation":null,"Section":null,"Members":null,"EncryptionSalt":"je4YLGMAAAA=","FileName":"99.jpg"},{"Id":98,"Name":"Group 98 yZ3Uyr","Conversation":null,"Section":null,"Members":null,"EncryptionSalt":"NHZNOGIAAAA=","FileName":"98.jpg"},{"Id":97,"Name":"Group 97 N0O9Xk1","Conversation":null,"Section":null,"Members":null,"EncryptionSalt":"+rvAMGEAAAA=","FileName":"97.jpg"},{"Id":106,"Name":"Group 106 QpdBJ69KC","Conversation":null,"Section":null,"Members":null,"EncryptionSalt":"2A1Ac2oAAAA=","FileName":"106.jpg"},{"Id":96,"Name":"Group 96 wxRxkAa","Conversation":null,"Section":null,"Members":null,"EncryptionSalt":"PygGTWAAAAA=","FileName":"96.jpg"},{"Id":94,"Name":"Group 94 ZA55JI","Conversation":null,"Section":null,"Members":null,"EncryptionSalt":"3F7JfV4AAAA=","FileName":"94.jpg"},{"Id":93,"Name":"Group 93 h,omB","Conversation":null,"Section":null,"Members":null,"EncryptionSalt":"2U2VQF0AAAA=","FileName":"93.jpg"},{"Id":92,"Name":"Group 92 l7cLWD5","Conversation":null,"Section":null,"Members":null,"EncryptionSalt":"UBHcd1wAAAA=","FileName":"92.jpg"},{"Id":91,"Name":"Group 91 .vGsWzE","Conversation":null,"Section":null,"Members":null,"EncryptionSalt":"ljCmVVsAAAA=","FileName":"91.jpg"},{"Id":90,"Name":"Group 90 Bv,wcRqzb","Conversation":null,"Section":null,"Members":null,"EncryptionSalt":"VT4NMloAAAA=","FileName":"90.jpg"},{"Id":89,"Name":"Group 89 9ypqlkn","Conversation":null,"Section":null,"Members":null,"EncryptionSalt":"PvTzYFkAAAA=","FileName":"89.jpg"},{"Id":88,"Name":"Group 88 ClYY.v5Q","Conversation":null,"Section":null,"Members":null,"EncryptionSalt":"us5Qb1gAAAA=","FileName":"88.jpg"},{"Id":87,"Name":"Group 87 DNgfHMh81","Conversation":null,"Section":null,"Members":null,"EncryptionSalt":"7jtBd1cAAAA=","FileName":"87.jpg"},{"Id":86,"Name":"Group 86 5M0VhLG3g","Conversation":null,"Section":null,"Members":null,"EncryptionSalt":"/FAkA1YAAAA=","FileName":"86.jpg"},{"Id":95,"Name":"Group 95 IQs9fo7O","Conversation":null,"Section":null,"Members":null,"EncryptionSalt":"176nb18AAAA=","FileName":"95.jpg"},{"Id":107,"Name":"Group 107 F,LEcQFx","Conversation":null,"Section":null,"Members":null,"EncryptionSalt":"7JtZGmsAAAA=","FileName":"107.jpg"},{"Id":108,"Name":"Group 108 u0Rv5u!d","Conversation":null,"Section":null,"Members":null,"EncryptionSalt":"Gtroe2wAAAA=","FileName":"108.jpg"},{"Id":109,"Name":"Group 109 dyni.","Conversation":null,"Section":null,"Members":null,"EncryptionSalt":"NTaSTG0AAAA=","FileName":"109.jpg"},{"Id":130,"Name":"Group 130 zaz!E","Conversation":null,"Section":null,"Members":null,"EncryptionSalt":"MhbGI4IAAAA=","FileName":"130.jpg"},{"Id":129,"Name":"Group 129 ,s2BEB!T","Conversation":null,"Section":null,"Members":null,"EncryptionSalt":"R2ikO4EAAAA=","FileName":"129.jpg"},{"Id":128,"Name":"Group 128 Kb1BToXyM","Conversation":null,"Section":null,"Members":null,"EncryptionSalt":"wnJ8VYAAAAA=","FileName":"128.jpg"},{"Id":127,"Name":"Group 127 ZAvUMU9k","Conversation":null,"Section":null,"Members":null,"EncryptionSalt":"nPV9fH8AAAA=","FileName":"127.jpg"},{"Id":126,"Name":"Group 126 5j9Iuud","Conversation":null,"Section":null,"Members":null,"EncryptionSalt":"UK4iBn4AAAA=","FileName":"126.jpg"},{"Id":125,"Name":"Group 125 7Vx4tB","Conversation":null,"Section":null,"Members":null,"EncryptionSalt":"D860XX0AAAA=","FileName":"125.jpg"},{"Id":124,"Name":"Group 124 GbG1!E","Conversation":null,"Section":null,"Members":null,"EncryptionSalt":"QOsATHwAAAA=","FileName":"124.jpg"},{"Id":123,"Name":"Group 123 m.NV5epxg","Conversation":null,"Section":null,"Members":null,"EncryptionSalt":"/euDAnsAAAA=","FileName":"123.jpg"},{"Id":122,"Name":"Group 122 x5MG3","Conversation":null,"Section":null,"Members":null,"EncryptionSalt":"vDZRTnoAAAA=","FileName":"122.jpg"},{"Id":121,"Name":"Group 121 qW7nQ8W7","Conversation":null,"Section":null,"Members":null,"EncryptionSalt":"a9PmK3kAAAA=","FileName":"121.jpg"},{"Id":120,"Name":"Group 120 !WyO0tOAs","Conversation":null,"Section":null,"Members":null,"EncryptionSalt":"dvuZPHgAAAA=","FileName":"120.jpg"},{"Id":119,"Name":"Group 119 j,P.4U","Conversation":null,"Section":null,"Members":null,"EncryptionSalt":"+KAmFHcAAAA=","FileName":"119.jpg"},{"Id":118,"Name":"Group 118 VIYei6BtJ","Conversation":null,"Section":null,"Members":null,"EncryptionSalt":"Ib3JHHYAAAA=","FileName":"118.jpg"},{"Id":117,"Name":"Group 117 1nOES","Conversation":null,"Section":null,"Members":null,"EncryptionSalt":"xG9NGnUAAAA=","FileName":"117.jpg"},{"Id":116,"Name":"Group 116 OLTv60l","Conversation":null,"Section":null,"Members":null,"EncryptionSalt":"wDjzb3QAAAA=","FileName":"116.jpg"},{"Id":115,"Name":"Group 115 ReZQmNk","Conversation":null,"Section":null,"Members":null,"EncryptionSalt":"HeHKVHMAAAA=","FileName":"115.jpg"},{"Id":114,"Name":"Group 114 g57XrpGH","Conversation":null,"Section":null,"Members":null,"EncryptionSalt":"z4FvOnIAAAA=","FileName":"114.jpg"},{"Id":113,"Name":"Group 113 7psDANqXm","Conversation":null,"Section":null,"Members":null,"EncryptionSalt":"S16bQXEAAAA=","FileName":"113.jpg"},{"Id":112,"Name":"Group 112 ,GNCcXDtd","Conversation":null,"Section":null,"Members":null,"EncryptionSalt":"TlXue3AAAAA=","FileName":"112.jpg"},{"Id":111,"Name":"Group 111 fOAq8.4v","Conversation":null,"Section":null,"Members":null,"EncryptionSalt":"vZRvem8AAAA=","FileName":"111.jpg"},{"Id":110,"Name":"Group 110 he!,xGjrU","Conversation":null,"Section":null,"Members":null,"EncryptionSalt":"UsvlcG4AAAA=","FileName":"110.jpg"},{"Id":85,"Name":"Group 85 TTiJyZ","Conversation":null,"Section":null,"Members":null,"EncryptionSalt":"Wx6HcVUAAAA=","FileName":"85.jpg"},{"Id":131,"Name":"Group 131 Gy62cySQn","Conversation":null,"Section":null,"Members":null,"EncryptionSalt":"Zi4yI4MAAAA=","FileName":"131.jpg"},{"Id":84,"Name":"Group 84 xGuuWrw","Conversation":null,"Section":null,"Members":null,"EncryptionSalt":"iqW/FVQAAAA=","FileName":"84.jpg"},{"Id":82,"Name":"Group 82 1Ee8n","Conversation":null,"Section":null,"Members":null,"EncryptionSalt":"W2TzNFIAAAA=","FileName":"82.jpg"},{"Id":60,"Name":"Group 60 TkTOq","Conversation":null,"Section":null,"Members":null,"EncryptionSalt":"QKMoDTwAAAA=","FileName":"60.jpg"},{"Id":61,"Name":"Group 61 JXJF1","Conversation":null,"Section":null,"Members":null,"EncryptionSalt":"QYaNJT0AAAA=","FileName":"61.jpg"},{"Id":62,"Name":"Group 62 hvEpoqslr","Conversation":null,"Section":null,"Members":null,"EncryptionSalt":"6wu9Bj4AAAA=","FileName":"62.jpg"},{"Id":63,"Name":"Group 63 llVKMfy","Conversation":null,"Section":null,"Members":null,"EncryptionSalt":"FURgaj8AAAA=","FileName":"63.jpg"},{"Id":64,"Name":"Group 64 Hl7yndYyC","Conversation":null,"Section":null,"Members":null,"EncryptionSalt":"rg45KUAAAAA=","FileName":"64.jpg"},{"Id":65,"Name":"Group 65 UI,TC","Conversation":null,"Section":null,"Members":null,"EncryptionSalt":"YsCiAUEAAAA=","FileName":"65.jpg"},{"Id":66,"Name":"Group 66 !9lVfT","Conversation":null,"Section":null,"Members":null,"EncryptionSalt":"1DsuGEIAAAA=","FileName":"66.jpg"},{"Id":67,"Name":"Group 67 Gho0JbyJ","Conversation":null,"Section":null,"Members":null,"EncryptionSalt":"mkNSZUMAAAA=","FileName":"67.jpg"},{"Id":68,"Name":"Group 68 n3EXJ","Conversation":null,"Section":null,"Members":null,"EncryptionSalt":"TjLZb0QAAAA=","FileName":"68.jpg"},{"Id":59,"Name":"Group 59 Ee!Iv","Conversation":null,"Section":null,"Members":null,"EncryptionSalt":"fEe6CjsAAAA=","FileName":"59.jpg"},{"Id":69,"Name":"Group 69 VaXnHzAZG","Conversation":null,"Section":null,"Members":null,"EncryptionSalt":"c9oqZkUAAAA=","FileName":"69.jpg"},{"Id":71,"Name":"Group 71 vFu29","Conversation":null,"Section":null,"Members":null,"EncryptionSalt":"pKs+YEcAAAA=","FileName":"71.jpg"},{"Id":72,"Name":"Group 72 C!JqtEm","Conversation":null,"Section":null,"Members":null,"EncryptionSalt":"+bfkdEgAAAA=","FileName":"72.jpg"},{"Id":73,"Name":"Group 73 MJjAbb","Conversation":null,"Section":null,"Members":null,"EncryptionSalt":"ywNFI0kAAAA=","FileName":"73.jpg"},{"Id":74,"Name":"Group 74 v3SAlC3","Conversation":null,"Section":null,"Members":null,"EncryptionSalt":"EksWQEoAAAA=","FileName":"74.jpg"},{"Id":75,"Name":"Group 75 iYMcfwEq","Conversation":null,"Section":null,"Members":null,"EncryptionSalt":"W4X8c0sAAAA=","FileName":"75.jpg"},{"Id":76,"Name":"Group 76 Iwdsv!!","Conversation":null,"Section":null,"Members":null,"EncryptionSalt":"vxDcJ0wAAAA=","FileName":"76.jpg"},{"Id":77,"Name":"Group 77 M9XfB4Y","Conversation":null,"Section":null,"Members":null,"EncryptionSalt":"/pfvek0AAAA=","FileName":"77.jpg"},{"Id":78,"Name":"Group 78 uswaK","Conversation":null,"Section":null,"Members":null,"EncryptionSalt":"rfaLEk4AAAA=","FileName":"78.jpg"},{"Id":79,"Name":"Group 79 9eIHb37","Conversation":null,"Section":null,"Members":null,"EncryptionSalt":"X0NrGE8AAAA=","FileName":"79.jpg"},{"Id":70,"Name":"Group 70 ojOxnop7b","Conversation":null,"Section":null,"Members":null,"EncryptionSalt":"4uQeQUYAAAA=","FileName":"70.jpg"},{"Id":58,"Name":"Group 58 WYdtx","Conversation":null,"Section":null,"Members":null,"EncryptionSalt":"ShqTLjoAAAA=","FileName":"58.jpg"},{"Id":57,"Name":"Group 57 RsmxCBl5.","Conversation":null,"Section":null,"Members":null,"EncryptionSalt":"5VqxJjkAAAA=","FileName":"57.jpg"},{"Id":56,"Name":"Group 56 Gs20Y!py","Conversation":null,"Section":null,"Members":null,"EncryptionSalt":"/TBCTDgAAAA=","FileName":"56.jpg"},{"Id":81,"Name":"Group 81 o!AZJ3,V","Conversation":null,"Section":null,"Members":null,"EncryptionSalt":"8oJsE1EAAAA=","FileName":"81.jpg"},{"Id":36,"Name":"Group 36 NUJit8k","Conversation":null,"Section":null,"Members":null,"EncryptionSalt":"eZ+NBiQAAAA=","FileName":"36.jpg"},{"Id":37,"Name":"Group 37 .AwBbW","Conversation":null,"Section":null,"Members":null,"EncryptionSalt":"TKDlXyUAAAA=","FileName":"37.jpg"},{"Id":38,"Name":"Group 38 K4Pz3.Q0","Conversation":null,"Section":null,"Members":null,"EncryptionSalt":"TuukLyYAAAA=","FileName":"38.jpg"},{"Id":39,"Name":"Group 39 XyRHlUa4","Conversation":null,"Section":null,"Members":null,"EncryptionSalt":"bKzhTScAAAA=","FileName":"39.jpg"},{"Id":40,"Name":"Group 40 TLra,FXmV","Conversation":null,"Section":null,"Members":null,"EncryptionSalt":"XJwwVigAAAA=","FileName":"40.jpg"},{"Id":41,"Name":"Group 41 yX.37c","Conversation":null,"Section":null,"Members":null,"EncryptionSalt":"owRQeikAAAA=","FileName":"41.jpg"},{"Id":42,"Name":"Group 42 Q,RLgrU","Conversation":null,"Section":null,"Members":null,"EncryptionSalt":"W6CfbioAAAA=","FileName":"42.jpg"},{"Id":43,"Name":"Group 43 3R84O","Conversation":null,"Section":null,"Members":null,"EncryptionSalt":"Cxm1LSsAAAA=","FileName":"43.jpg"},{"Id":44,"Name":"Group 44 SwDfsnl1u","Conversation":null,"Section":null,"Members":null,"EncryptionSalt":"ZDghfCwAAAA=","FileName":"44.jpg"},{"Id":45,"Name":"Group 45 ,5xmY","Conversation":null,"Section":null,"Members":null,"EncryptionSalt":"caFzJi0AAAA=","FileName":"45.jpg"},{"Id":46,"Name":"Group 46 5tM,bY","Conversation":null,"Section":null,"Members":null,"EncryptionSalt":"98dZCS4AAAA=","FileName":"46.jpg"},{"Id":47,"Name":"Group 47 oW!Z7gG1","Conversation":null,"Section":null,"Members":null,"EncryptionSalt":"Tp0KGC8AAAA=","FileName":"47.jpg"},{"Id":48,"Name":"Group 48 dAvKL65Ac","Conversation":null,"Section":null,"Members":null,"EncryptionSalt":"vZgPYTAAAAA=","FileName":"48.jpg"},{"Id":49,"Name":"Group 49 q0QgCSQ","Conversation":null,"Section":null,"Members":null,"EncryptionSalt":"/eaAcDEAAAA=","FileName":"49.jpg"},{"Id":50,"Name":"Group 50 ,Hhx4S","Conversation":null,"Section":null,"Members":null,"EncryptionSalt":"m2BZTjIAAAA=","FileName":"50.jpg"},{"Id":51,"Name":"Group 51 ,cqXBYP,A","Conversation":null,"Section":null,"Members":null,"EncryptionSalt":"F6+HDTMAAAA=","FileName":"51.jpg"},{"Id":52,"Name":"Group 52 z9chEj","Conversation":null,"Section":null,"Members":null,"EncryptionSalt":"qcQ1MDQAAAA=","FileName":"52.jpg"},{"Id":53,"Name":"Group 53 Bs!RiNX","Conversation":null,"Section":null,"Members":null,"EncryptionSalt":"9heSHzUAAAA=","FileName":"53.jpg"},{"Id":54,"Name":"Group 54 lJKvVX","Conversation":null,"Section":null,"Members":null,"EncryptionSalt":"p+VIRjYAAAA=","FileName":"54.jpg"},{"Id":55,"Name":"Group 55 MY5H!","Conversation":null,"Section":null,"Members":null,"EncryptionSalt":"XvM4MDcAAAA=","FileName":"55.jpg"},{"Id":83,"Name":"Group 83 dH1PWeG5","Conversation":null,"Section":null,"Members":null,"EncryptionSalt":"D9rffVMAAAA=","FileName":"83.jpg"},{"Id":132,"Name":"Group 132 peWV9lhDK","Conversation":null,"Section":null,"Members":null,"EncryptionSalt":"NNUrM4QAAAA=","FileName":"132.jpg"},{"Id":2,"Name":"National Education - REGNEWID2","Conversation":null,"Section":null,"Members":null,"EncryptionSalt":"xoVvagIAAAA=","FileName":"2.jpg"},{"Id":20,"Name":"Wireless Networks and Applications - REGNEWID20","Conversation":null,"Section":null,"Members":null,"EncryptionSalt":"uZ00FhQAAAA=","FileName":"20.jpg"},{"Id":30,"Name":"Arabic Literature - REGNEWID29","Conversation":null,"Section":null,"Members":null,"EncryptionSalt":"4NQ0Ih4AAAA=","FileName":"30.jpg"},{"Id":35,"Name":"Entrepreneurship for Business - REGNEWID32","Conversation":null,"Section":null,"Members":null,"EncryptionSalt":"Bkm3UCMAAAA=","FileName":"35.jpg"}]