[{"Id":4,"RegnewId":"REGNEWID0","Time":"13:00:00","Days":6,"CourseId":3,"Course":null,"GroupId":3,"Group":null},{"Id":2,"RegnewId":"REGNEWID7","Time":"09:00:00","Days":7,"CourseId":6,"Course":null,"GroupId":6,"Group":null},{"Id":9,"RegnewId":"REGNEWID12","Time":"17:00:00","Days":6,"CourseId":8,"Course":null,"GroupId":9,"Group":null},{"Id":16,"RegnewId":"REGNEWID16","Time":"11:00:00","Days":7,"CourseId":12,"Course":null,"GroupId":17,"Group":null},{"Id":22,"RegnewId":"REGNEWID24","Time":"16:00:00","Days":7,"CourseId":18,"Course":null,"GroupId":22,"Group":null},{"Id":27,"RegnewId":"REGNEWID27","Time":"13:00:00","Days":7,"CourseId":21,"Course":null,"GroupId":27,"Group":null},{"Id":29,"RegnewId":"REGNEWID28","Time":"17:00:00","Days":6,"CourseId":22,"Course":null,"GroupId":29,"Group":null},{"Id":34,"RegnewId":"REGNEWID34","Time":"12:00:00","Days":6,"CourseId":27,"Course":null,"GroupId":34,"Group":null},{"Id":5,"RegnewId":"REGNEWID8","Time":"16:00:00","Days":7,"CourseId":1,"Course":null,"GroupId":5,"Group":null},{"Id":13,"RegnewId":"REGNEWID11","Time":"14:00:00","Days":6,"CourseId":7,"Course":null,"GroupId":13,"Group":null},{"Id":18,"RegnewId":"REGNEWID20","Time":"16:00:00","Days":7,"CourseId":15,"Course":null,"GroupId":20,"Group":null},{"Id":3,"RegnewId":"REGNEWID2","Time":"14:00:00","Days":6,"CourseId":4,"Course":null,"GroupId":2,"Group":null},{"Id":12,"RegnewId":"REGNEWID9","Time":"12:00:00","Days":7,"CourseId":9,"Course":null,"GroupId":12,"Group":null},{"Id":21,"RegnewId":"REGNEWID21","Time":"11:00:00","Days":7,"CourseId":16,"Course":null,"GroupId":21,"Group":null},{"Id":7,"RegnewId":"REGNEWID1","Time":"17:00:00","Days":7,"CourseId":3,"Course":null,"GroupId":7,"Group":null},{"Id":25,"RegnewId":"REGNEWID25","Time":"11:00:00","Days":7,"CourseId":19,"Course":null,"GroupId":25,"Group":null},{"Id":30,"RegnewId":"REGNEWID29","Time":"09:00:00","Days":6,"CourseId":23,"Course":null,"GroupId":30,"Group":null},{"Id":11,"RegnewId":"REGNEWID6","Time":"12:00:00","Days":6,"CourseId":5,"Course":null,"GroupId":10,"Group":null},{"Id":15,"RegnewId":"REGNEWID14","Time":"13:00:00","Days":6,"CourseId":10,"Course":null,"GroupId":15,"Group":null},{"Id":19,"RegnewId":"REGNEWID17","Time":"10:00:00","Days":6,"CourseId":13,"Course":null,"GroupId":19,"Group":null},{"Id":26,"RegnewId":"REGNEWID26","Time":"15:00:00","Days":7,"CourseId":20,"Course":null,"GroupId":26,"Group":null},{"Id":35,"RegnewId":"REGNEWID32","Time":"12:00:00","Days":6,"CourseId":25,"Course":null,"GroupId":35,"Group":null},{"Id":23,"RegnewId":"REGNEWID22","Time":"16:00:00","Days":6,"CourseId":17,"Course":null,"GroupId":23,"Group":null},{"Id":32,"RegnewId":"REGNEWID33","Time":"16:00:00","Days":7,"CourseId":26,"Course":null,"GroupId":33,"Group":null},{"Id":24,"RegnewId":"REGNEWID19","Time":"15:00:00","Days":6,"CourseId":14,"Course":null,"GroupId":24,"Group":null},{"Id":28,"RegnewId":"REGNEWID23","Time":"09:00:00","Days":6,"CourseId":17,"Course":null,"GroupId":28,"Group":null},{"Id":33,"RegnewId":"REGNEWID31","Time":"09:00:00","Days":7,"CourseId":25,"Course":null,"GroupId":32,"Group":null},{"Id":6,"RegnewId":"REGNEWID5","Time":"17:00:00","Days":7,"CourseId":5,"Course":null,"GroupId":1,"Group":null},{"Id":8,"RegnewId":"REGNEWID10","Time":"11:00:00","Days":6,"CourseId":7,"Course":null,"GroupId":8,"Group":null},{"Id":10,"RegnewId":"REGNEWID4","Time":"16:00:00","Days":6,"CourseId":2,"Course":null,"GroupId":11,"Group":null},{"Id":14,"RegnewId":"REGNEWID13","Time":"17:00:00","Days":6,"CourseId":8,"Course":null,"GroupId":14,"Group":null},{"Id":20,"RegnewId":"REGNEWID18","Time":"13:00:00","Days":6,"CourseId":14,"Course":null,"GroupId":18,"Group":null},{"Id":31,"RegnewId":"REGNEWID30","Time":"14:00:00","Days":6,"CourseId":24,"Course":null,"GroupId":31,"Group":null},{"Id":1,"RegnewId":"REGNEWID3","Time":"13:00:00","Days":6,"CourseId":2,"Course":null,"GroupId":4,"Group":null},{"Id":17,"RegnewId":"REGNEWID15","Time":"09:00:00","Days":6,"CourseId":11,"Course":null,"GroupId":16,"Group":null}]